code,name,short,primary,secondary,accent,ground,enter,guernsey
ADE,Adelaide,Crows,#002B5C,#E21A23,#FFB81C,Adelaide Oval,2026,band:p/s/a/p
BRL,Brisbane,Lions,#8B0F29,#0F2E6B,#F5B301,The Gabba,2026,tiers:a/p/#FFFFFF
CAR,Carlton,Blues,#0B1F4B,#FFFFFF,#7FA7E0,Marvel Stadium,2026,plain:p/s/a
COL,Collingwood,Magpies,#141414,#FFFFFF,#BFBFBF,MCG,2026,stripes:p/s/a/p
ESS,Essendon,Bombers,#1A1A1A,#E4002B,#FFFFFF,Marvel Stadium,2026,sash:p/s/a/p
FRE,Fremantle,Dockers,#4A1D6B,#FFFFFF,#A67FC1,Optus Stadium,2026,chevrons:p/s/a
GEE,Geelong,Cats,#0B2A5B,#FFFFFF,#8FB4E3,GMHBA Stadium,2026,hoops:p/s/a
GCS,Gold Coast,Suns,#D22630,#F5B301,#1E3A8A,People First Stadium,2026,sides:p/s/a
GWS,Greater Western Sydney,Giants,#F26522,#3C3C3B,#FFFFFF,Engie Stadium,2026,tiers:s/p/s
HAW,Hawthorn,Hawks,#4E2A14,#F2B01E,#FFFFFF,MCG,2026,stripes:p/s/a/p
MEL,Melbourne,Demons,#0A1F44,#D4182C,#FFFFFF,MCG,2026,yoke:p/s/a/p
NTH,North Melbourne,Kangaroos,#0C2340,#FFFFFF,#93A9C9,Marvel Stadium,2026,stripes:p/s/a
PAD,Port Adelaide,Power,#00A3A1,#1A1A1A,#C0C0C0,Adelaide Oval,2026,chevron:s/#FFFFFF/p
RIC,Richmond,Tigers,#F5D400,#1A1A1A,#FFFFFF,MCG,2026,sash:s/p/a
STK,St Kilda,Saints,#D6202B,#1A1A1A,#FFFFFF,Marvel Stadium,2026,panels:p/a/s
SYD,Sydney,Swans,#E4002B,#FFFFFF,#1A1A1A,SCG,2026,yoke:s/p/a
WCE,West Coast,Eagles,#0A4EA2,#F5B301,#FFFFFF,Optus Stadium,2026,shoulders:p/s/s/p
WBD,Western Bulldogs,Bulldogs,#D4182C,#0A2A66,#FFFFFF,Marvel Stadium,2026,band:s/p/a/a
TAS,Tasmania,Devils,#2C5530,#E8D44D,#C2274D,Bellerive Oval,2028,map:p/s/a/p
CANB,Canberra,Thunder,#1B3B6F,#FFFFFF,#F5B301,Manuka Oval,2030,plain:p/s/a
