first,last,dob,club,kind,announced,source_url,checked
Taylor,Walker,1990-04-25,ADE,retired,2026-08-10,https://www.draftguru.com.au/years/2026/retirements-delistings,2026-10-09
Matt,Duffy,2004-01-02,CAR,retired,2026-08-13,https://www.draftguru.com.au/years/2026/retirements-delistings,2026-10-09
Steele,Sidebottom,1991-01-02,COL,retired,2026-08-13,https://www.draftguru.com.au/years/2026/retirements-delistings,2026-10-09
Sam,Switkowski,1996-11-20,FRE,retired,2026-08-26,https://www.draftguru.com.au/years/2026/retirements-delistings,2026-10-09
Jake,Kolodjashnij,1995-08-09,GEE,retired,2026-09-29,https://www.draftguru.com.au/years/2026/retirements-delistings,2026-10-09
Rhys,Stanley,1990-12-01,GEE,retired,2026-09-21,https://www.draftguru.com.au/years/2026/retirements-delistings,2026-10-09
Nick,Holman,1995-05-29,GCS,retired,2026-08-18,https://www.draftguru.com.au/years/2026/retirements-delistings,2026-10-09
Tom,Campbell,1991-11-02,MEL,retired,2026-05-15,https://www.draftguru.com.au/years/2026/retirements-delistings,2026-10-09
Steven,May,1992-01-10,MEL,retired,2026-03-01,https://www.draftguru.com.au/years/2026/retirements-delistings,2026-10-09
Shane,McAdam,1995-05-28,MEL,retired,2026-05-25,https://www.draftguru.com.au/years/2026/retirements-delistings,2026-10-09
Tom,McDonald,1992-09-18,MEL,retired,2026-08-04,https://www.draftguru.com.au/years/2026/retirements-delistings,2026-10-09
Jake,Melksham,1991-08-29,MEL,retired,2026-08-24,https://www.draftguru.com.au/years/2026/retirements-delistings,2026-10-09
Ivan,Soldo,1996-04-14,PAD,retired,2026-04-27,https://www.draftguru.com.au/years/2026/retirements-delistings,2026-10-09
Nathan,Broad,1993-04-15,RIC,retired,2026-08-04,https://www.draftguru.com.au/years/2026/retirements-delistings,2026-10-09
Dion,Prestia,1992-10-12,RIC,retired,2026-08-13,https://www.draftguru.com.au/years/2026/retirements-delistings,2026-10-09
Dougal,Howard,1996-03-25,STK,retired,2026-08-19,https://www.draftguru.com.au/years/2026/retirements-delistings,2026-10-09
Taylor,Adams,1993-09-20,SYD,retired,2026-06-22,https://www.draftguru.com.au/years/2026/retirements-delistings,2026-10-09
Jamie,Cripps,1992-04-23,WCE,retired,2026-06-30,https://www.draftguru.com.au/years/2026/retirements-delistings,2026-10-09
James,Harmes,1995-10-05,WBD,retired,2026-02-10,https://www.draftguru.com.au/years/2026/retirements-delistings,2026-10-09
Tom,Liberatore,1992-05-16,WBD,retired,2026-09-08,https://www.draftguru.com.au/years/2026/retirements-delistings,2026-10-09
Adam,Treloar,1993-03-09,WBD,retired,2026-09-09,https://www.draftguru.com.au/years/2026/retirements-delistings,2026-10-09
Chayce,Jones,2000-01-14,ADE,delisted,2026-09-17,https://www.draftguru.com.au/years/2026/retirements-delistings,2026-10-09
Lachlan,Sholl,2000-03-07,ADE,delisted,2026-09-17,https://www.draftguru.com.au/years/2026/retirements-delistings,2026-10-09
Tyler,Welsh,2006-08-15,ADE,delisted,2026-09-17,https://www.draftguru.com.au/years/2026/retirements-delistings,2026-10-09
Jordan,Boyd,1998-09-22,CAR,delisted,2026-09-09,https://www.draftguru.com.au/years/2026/retirements-delistings,2026-10-09
Ben,Camporeale,2006-07-21,CAR,delisted,2026-09-10,https://www.draftguru.com.au/years/2026/retirements-delistings,2026-10-09
Lucas,Camporeale,2006-07-21,CAR,delisted,2026-09-10,https://www.draftguru.com.au/years/2026/retirements-delistings,2026-10-09
Harry,Charleson,2006-06-26,CAR,delisted,2026-09-09,https://www.draftguru.com.au/years/2026/retirements-delistings,2026-10-09
Lachie,Fogarty,1999-04-01,CAR,delisted,2026-09-09,https://www.draftguru.com.au/years/2026/retirements-delistings,2026-10-09
Elijah,Hollands,2002-04-25,CAR,delisted,2026-09-07,https://www.draftguru.com.au/years/2026/retirements-delistings,2026-10-09
Zac,Williams,1994-09-20,CAR,delisted,2026-09-07,https://www.draftguru.com.au/years/2026/retirements-delistings,2026-10-09
Flynn,Young,2002-02-03,CAR,delisted,2026-09-09,https://www.draftguru.com.au/years/2026/retirements-delistings,2026-10-09
Lewis,Young,1998-12-20,CAR,delisted,2026-09-09,https://www.draftguru.com.au/years/2026/retirements-delistings,2026-10-09
Joel,Cochran,2006-03-28,COL,delisted,2026-09-01,https://www.draftguru.com.au/years/2026/retirements-delistings,2026-10-09
Bobby,Hill,2000-02-09,COL,delisted,2026-07-30,https://www.draftguru.com.au/years/2026/retirements-delistings,2026-10-09
Wil,Parker,2002-05-29,COL,delisted,2026-09-01,https://www.draftguru.com.au/years/2026/retirements-delistings,2026-10-09
Mitch,Podhajski,1999-01-04,COL,delisted,2026-09-01,https://www.draftguru.com.au/years/2026/retirements-delistings,2026-10-09
Jakob,Ryan,2004-09-20,COL,delisted,2026-09-01,https://www.draftguru.com.au/years/2026/retirements-delistings,2026-10-09
Iliro,Smit,2005-08-09,COL,delisted,2026-09-01,https://www.draftguru.com.au/years/2026/retirements-delistings,2026-10-09
Lachlan,Sullivan,1997-09-25,COL,delisted,2026-09-01,https://www.draftguru.com.au/years/2026/retirements-delistings,2026-10-09
Saad,El-Hawli,2001-05-15,ESS,delisted,2026-09-15,https://www.draftguru.com.au/years/2026/retirements-delistings,2026-10-09
Jade,Gresham,1997-08-24,ESS,delisted,2026-09-15,https://www.draftguru.com.au/years/2026/retirements-delistings,2026-10-09
Matt,Guelfi,1997-08-14,ESS,delisted,2026-09-15,https://www.draftguru.com.au/years/2026/retirements-delistings,2026-10-09
Liam,McMahon,2002-05-02,ESS,delisted,2026-09-15,https://www.draftguru.com.au/years/2026/retirements-delistings,2026-10-09
Elijah,Tsatas,2004-10-18,ESS,delisted,2026-09-15,https://www.draftguru.com.au/years/2026/retirements-delistings,2026-10-09
Bailey,Banfield,1998-02-26,FRE,delisted,2026-09-29,https://www.draftguru.com.au/years/2026/retirements-delistings,2026-10-09
Ryda,Luke,2007-09-19,FRE,delisted,2026-09-29,https://www.draftguru.com.au/years/2026/retirements-delistings,2026-10-09
Ollie,Murphy,2005-09-16,FRE,delisted,2026-09-29,https://www.draftguru.com.au/years/2026/retirements-delistings,2026-10-09
Sam,Sturt,2000-05-12,FRE,delisted,2026-09-29,https://www.draftguru.com.au/years/2026/retirements-delistings,2026-10-09
Jed,Bews,1993-12-14,GEE,delisted,2026-09-23,https://www.draftguru.com.au/years/2026/retirements-delistings,2026-10-09
Keighton,Matofai-Forbes,2006-02-02,GEE,delisted,2026-09-23,https://www.draftguru.com.au/years/2026/retirements-delistings,2026-10-09
Tyson,Stengle,1998-10-19,GEE,delisted,2026-07-31,https://www.draftguru.com.au/years/2026/retirements-delistings,2026-10-09
George,Stevens,2005-04-14,GEE,delisted,2026-09-23,https://www.draftguru.com.au/years/2026/retirements-delistings,2026-10-09
Cooper,Bell,2006-11-30,GCS,delisted,2026-08-26,https://www.draftguru.com.au/years/2026/retirements-delistings,2026-10-09
Asher,Eastham,2006-05-13,GCS,delisted,2026-08-26,https://www.draftguru.com.au/years/2026/retirements-delistings,2026-10-09
Caleb,Graham,2000-09-12,GCS,delisted,2026-08-26,https://www.draftguru.com.au/years/2026/retirements-delistings,2026-10-09
Jesse,Hogan,1995-02-12,GWS,delisted,2026-08-25,https://www.draftguru.com.au/years/2026/retirements-delistings,2026-10-09
Cody,Anderson,2006-01-30,HAW,delisted,2026-09-24,https://www.draftguru.com.au/years/2026/retirements-delistings,2026-10-09
James,Blanck,2000-11-20,HAW,delisted,2026-09-24,https://www.draftguru.com.au/years/2026/retirements-delistings,2026-10-09
Henry,Hustwaite,2004-07-20,HAW,delisted,2026-09-24,https://www.draftguru.com.au/years/2026/retirements-delistings,2026-10-09
Bodie,Ryan,2005-04-20,HAW,delisted,2026-09-24,https://www.draftguru.com.au/years/2026/retirements-delistings,2026-10-09
Jaime,Uhr-Henry,2003-05-12,HAW,delisted,2026-09-24,https://www.draftguru.com.au/years/2026/retirements-delistings,2026-10-09
Jack,Henderson,1999-10-01,MEL,delisted,2026-09-02,https://www.draftguru.com.au/years/2026/retirements-delistings,2026-10-09
Aidan,Johnson,2000-03-09,MEL,delisted,2026-09-02,https://www.draftguru.com.au/years/2026/retirements-delistings,2026-10-09
Andy,Moniz-Wakefield,2003-10-26,MEL,delisted,2026-09-02,https://www.draftguru.com.au/years/2026/retirements-delistings,2026-10-09
Riley,Onley,2007-03-30,MEL,delisted,2026-09-02,https://www.draftguru.com.au/years/2026/retirements-delistings,2026-10-09
Kalani,White,2007-05-05,MEL,delisted,2026-09-02,https://www.draftguru.com.au/years/2026/retirements-delistings,2026-10-09
Callum,Coleman-Jones,1999-06-13,NTH,delisted,2026-08-28,https://www.draftguru.com.au/years/2026/retirements-delistings,2026-10-09
Brayden,George,2004-01-13,NTH,delisted,2026-08-28,https://www.draftguru.com.au/years/2026/retirements-delistings,2026-10-09
Robert,Hansen,2004-03-13,NTH,delisted,2026-08-28,https://www.draftguru.com.au/years/2026/retirements-delistings,2026-10-09
Bailey,Scott,2000-07-09,NTH,delisted,2026-08-28,https://www.draftguru.com.au/years/2026/retirements-delistings,2026-10-09
Benny,Barrett,2006-05-01,PAD,delisted,2026-08-25,https://www.draftguru.com.au/years/2026/retirements-delistings,2026-10-09
Mani,Liddy,2002-02-20,PAD,delisted,2026-08-25,https://www.draftguru.com.au/years/2026/retirements-delistings,2026-10-09
Will,Lorenz,2005-02-19,PAD,delisted,2026-08-25,https://www.draftguru.com.au/years/2026/retirements-delistings,2026-10-09
Jackson,Mead,2001-09-30,PAD,delisted,2026-08-25,https://www.draftguru.com.au/years/2026/retirements-delistings,2026-10-09
Jacob,Moss,2004-12-22,PAD,delisted,2026-08-25,https://www.draftguru.com.au/years/2026/retirements-delistings,2026-10-09
Xavier,Walsh,2005-09-06,PAD,delisted,2026-08-25,https://www.draftguru.com.au/years/2026/retirements-delistings,2026-10-09
Liam,Fawcett,2005-04-22,RIC,delisted,2026-08-26,https://www.draftguru.com.au/years/2026/retirements-delistings,2026-10-09
Samson,Ryan,2000-12-09,RIC,delisted,2026-10-09,https://www.draftguru.com.au/years/2026/retirements-delistings,2026-10-09
Kaleb,Smith,2004-11-20,RIC,delisted,2026-08-26,https://www.draftguru.com.au/years/2026/retirements-delistings,2026-10-09
Tyler,Sonsie,2003-01-27,RIC,delisted,2026-10-09,https://www.draftguru.com.au/years/2026/retirements-delistings,2026-10-09
James,Trezise,2002-06-15,RIC,delisted,2026-10-09,https://www.draftguru.com.au/years/2026/retirements-delistings,2026-10-09
Paddy,Dow,1999-10-16,STK,delisted,2026-08-27,https://www.draftguru.com.au/years/2026/retirements-delistings,2026-10-09
Isaac,Keeler,2004-04-23,STK,delisted,2026-08-27,https://www.draftguru.com.au/years/2026/retirements-delistings,2026-10-09
Patrick,Said,2006-04-24,STK,delisted,2026-08-27,https://www.draftguru.com.au/years/2026/retirements-delistings,2026-10-09
Harry,Cunningham,1993-12-06,SYD,delisted,2026-10-09,https://www.draftguru.com.au/years/2026/retirements-delistings,2026-10-09
Harry,Barnett,2004-01-22,WCE,delisted,2026-08-25,https://www.draftguru.com.au/years/2026/retirements-delistings,2026-10-09
Tyler,Brockman,2002-11-22,WCE,delisted,2026-08-27,https://www.draftguru.com.au/years/2026/retirements-delistings,2026-10-09
Harvey,Johnston,2005-08-18,WCE,delisted,2026-08-25,https://www.draftguru.com.au/years/2026/retirements-delistings,2026-10-09
Oskar,Baker,1998-05-25,WBD,delisted,2026-09-08,https://www.draftguru.com.au/years/2026/retirements-delistings,2026-10-09
Harvey,Gallagher,2003-09-26,WBD,delisted,2026-09-08,https://www.draftguru.com.au/years/2026/retirements-delistings,2026-10-09
Lachlan,Smith,2005-10-05,WBD,delisted,2026-09-08,https://www.draftguru.com.au/years/2026/retirements-delistings,2026-10-09
Zac,Walker,2006-03-03,WBD,delisted,2026-09-08,https://www.draftguru.com.au/years/2026/retirements-delistings,2026-10-09
