pos,club,w,l,d,pts,pct,finals,source_url,checked
1,FRE,19,4,0,76,137.2,runners_up,https://en.wikipedia.org/wiki/2026_AFL_season | https://afltables.com/afl/seas/2026.html,2026-10-09
2,SYD,18,5,0,72,136.1,prelim,https://en.wikipedia.org/wiki/2026_AFL_season | https://afltables.com/afl/seas/2026.html,2026-10-09
3,BRL,16,7,0,64,121.7,premiers,https://en.wikipedia.org/wiki/2026_AFL_season | https://afltables.com/afl/seas/2026.html,2026-10-09
4,HAW,15,6,2,64,120.1,prelim,https://en.wikipedia.org/wiki/2026_AFL_season | https://afltables.com/afl/seas/2026.html,2026-10-09
5,GEE,15,8,0,60,122.3,semi,https://en.wikipedia.org/wiki/2026_AFL_season | https://afltables.com/afl/seas/2026.html,2026-10-09
6,ADE,15,8,0,60,117.3,semi,https://en.wikipedia.org/wiki/2026_AFL_season | https://afltables.com/afl/seas/2026.html,2026-10-09
7,MEL,15,8,0,60,109.6,wildcard,https://en.wikipedia.org/wiki/2026_AFL_season | https://afltables.com/afl/seas/2026.html,2026-10-09
8,WBD,13,9,1,54,95.4,elim,https://en.wikipedia.org/wiki/2026_AFL_season | https://afltables.com/afl/seas/2026.html,2026-10-09
9,COL,12,9,2,52,102.4,wildcard,https://en.wikipedia.org/wiki/2026_AFL_season | https://afltables.com/afl/seas/2026.html,2026-10-09
10,CAR,12,10,1,50,101.5,elim,https://en.wikipedia.org/wiki/2026_AFL_season | https://afltables.com/afl/seas/2026.html,2026-10-09
11,STK,10,13,0,40,102.8,,https://en.wikipedia.org/wiki/2026_AFL_season | https://afltables.com/afl/seas/2026.html,2026-10-09
12,GWS,10,13,0,40,98.9,,https://en.wikipedia.org/wiki/2026_AFL_season | https://afltables.com/afl/seas/2026.html,2026-10-09
13,GCS,9,14,0,36,94.5,,https://en.wikipedia.org/wiki/2026_AFL_season | https://afltables.com/afl/seas/2026.html,2026-10-09
14,NTH,9,14,0,36,88.8,,https://en.wikipedia.org/wiki/2026_AFL_season | https://afltables.com/afl/seas/2026.html,2026-10-09
15,PAD,7,16,0,28,88.1,,https://en.wikipedia.org/wiki/2026_AFL_season | https://afltables.com/afl/seas/2026.html,2026-10-09
16,WCE,4,19,0,16,69.2,,https://en.wikipedia.org/wiki/2026_AFL_season | https://afltables.com/afl/seas/2026.html,2026-10-09
17,RIC,3,20,0,12,62.5,,https://en.wikipedia.org/wiki/2026_AFL_season | https://afltables.com/afl/seas/2026.html,2026-10-09
18,ESS,2,21,0,8,64.6,,https://en.wikipedia.org/wiki/2026_AFL_season | https://afltables.com/afl/seas/2026.html,2026-10-09
