first,last,dob,club,position,height_cm,list,on_wikipedia_2026_09_30,source_url,checked
Sid,Draper,2006-07-05,ADE,,182,senior,yes,https://www.draftguru.com.au/lists/2026/adelaide | https://afltables.com/afl/stats/2026.html,2026-10-09
Tyler,Welsh,2006-08-15,ADE,,192,rookie,no,https://www.draftguru.com.au/lists/2026/adelaide | https://afltables.com/afl/stats/2026.html,2026-10-09
Mitchell,Marsh,2007-02-15,ADE,,192,senior,yes,https://www.draftguru.com.au/lists/2026/adelaide | https://afltables.com/afl/stats/2026.html,2026-10-09
Lachlan,Sholl,2000-03-07,ADE,,186,senior,no,https://www.draftguru.com.au/lists/2026/adelaide | https://afltables.com/afl/stats/2026.html,2026-10-09
Tom,Doedee,1997-03-01,BRL,,187,senior,yes,https://www.draftguru.com.au/lists/2026/brisbane | https://afltables.com/afl/stats/2026.html,2026-10-09
Luke,Beecken,2001-04-18,BRL,,184,rookie,yes,https://www.draftguru.com.au/lists/2026/brisbane | https://afltables.com/afl/stats/2026.html,2026-10-09
Luke,Lloyd,2005-08-08,BRL,,193,senior,yes,https://www.draftguru.com.au/lists/2026/brisbane | https://afltables.com/afl/stats/2026.html,2026-10-09
Koby,Evans,2007-09-08,BRL,,187,senior,yes,https://www.draftguru.com.au/lists/2026/brisbane | https://afltables.com/afl/stats/2026.html,2026-10-09
Henry,Smith,2002-09-24,BRL,,204,senior,yes,https://www.draftguru.com.au/lists/2026/brisbane | https://afltables.com/afl/stats/2026.html,2026-10-09
Reece,Torrent,2005-08-03,BRL,,184,senior,yes,https://www.draftguru.com.au/lists/2026/brisbane | https://afltables.com/afl/stats/2026.html,2026-10-09
Jack,Payne,1999-10-15,BRL,,197,senior,yes,https://www.draftguru.com.au/lists/2026/brisbane | https://afltables.com/afl/stats/2026.html,2026-10-09
Tai,Hayes,2004-11-18,BRL,,190,senior,yes,https://www.draftguru.com.au/lists/2026/brisbane | https://afltables.com/afl/stats/2026.html,2026-10-09
Jesse,Motlop,2003-11-23,CAR,,177,senior,no,https://www.draftguru.com.au/lists/2026/carlton | https://afltables.com/afl/stats/2026.html,2026-10-09
Ben,Camporeale,2006-07-21,CAR,,186,senior,no,https://www.draftguru.com.au/lists/2026/carlton | https://afltables.com/afl/stats/2026.html,2026-10-09
Lucas,Camporeale,2006-07-21,CAR,,184,senior,no,https://www.draftguru.com.au/lists/2026/carlton | https://afltables.com/afl/stats/2026.html,2026-10-09
Harry,O'Farrell,2006-05-03,CAR,,197,senior,yes,https://www.draftguru.com.au/lists/2026/carlton | https://afltables.com/afl/stats/2026.html,2026-10-09
Harry,Charleson,2006-06-26,CAR,,182,rookie,no,https://www.draftguru.com.au/lists/2026/carlton | https://afltables.com/afl/stats/2026.html,2026-10-09
Rob,Monahan,2004-06-29,CAR,,189,cat_b,no,https://www.draftguru.com.au/lists/2026/carlton | https://afltables.com/afl/stats/2026.html,2026-10-09
Matt,Duffy,2004-01-02,CAR,,194,cat_b,no,https://www.draftguru.com.au/lists/2026/carlton | https://afltables.com/afl/stats/2026.html,2026-10-09
Harry,Demattia,2005-09-11,COL,,186,senior,yes,https://www.draftguru.com.au/lists/2026/collingwood | https://afltables.com/afl/stats/2026.html,2026-10-09
Tyan,Prindable,2007-01-25,COL,,182,senior,yes,https://www.draftguru.com.au/lists/2026/collingwood | https://afltables.com/afl/stats/2026.html,2026-10-09
Tew,Jiath,2005-03-02,COL,,188,senior,yes,https://www.draftguru.com.au/lists/2026/collingwood | https://afltables.com/afl/stats/2026.html,2026-10-09
Iliro,Smit,2005-08-09,COL,,200,rookie,no,https://www.draftguru.com.au/lists/2026/collingwood | https://afltables.com/afl/stats/2026.html,2026-10-09
Bobby,Hill,2000-02-09,COL,,175,senior,no,https://www.draftguru.com.au/lists/2026/collingwood | https://afltables.com/afl/stats/2026.html,2026-10-09
Jakob,Ryan,2004-09-20,COL,,189,senior,no,https://www.draftguru.com.au/lists/2026/collingwood | https://afltables.com/afl/stats/2026.html,2026-10-09
Reef,McInnes,2002-12-12,COL,,193,senior,yes,https://www.draftguru.com.au/lists/2026/collingwood | https://afltables.com/afl/stats/2026.html,2026-10-09
Joel,Cochran,2006-03-28,COL,,195,senior,no,https://www.draftguru.com.au/lists/2026/collingwood | https://afltables.com/afl/stats/2026.html,2026-10-09
Zac,McCarthy,2007-10-27,COL,,199,senior,yes,https://www.draftguru.com.au/lists/2026/collingwood | https://afltables.com/afl/stats/2026.html,2026-10-09
Jai,Saxena,2007-07-27,COL,,179,rookie,yes,https://www.draftguru.com.au/lists/2026/collingwood | https://afltables.com/afl/stats/2026.html,2026-10-09
Harrison,Coe,1999-11-10,COL,,204,rookie,yes,https://www.draftguru.com.au/lists/2026/collingwood | https://afltables.com/afl/stats/2026.html,2026-10-09
Lewis,Hayes,2004-12-17,ESS,,199,senior,yes,https://www.draftguru.com.au/lists/2026/essendon | https://afltables.com/afl/stats/2026.html,2026-10-09
Kayle,Gerreyn,2006-05-10,ESS,,200,senior,yes,https://www.draftguru.com.au/lists/2026/essendon | https://afltables.com/afl/stats/2026.html,2026-10-09
Nic,Martin,2001-03-04,ESS,,190,senior,yes,https://www.draftguru.com.au/lists/2026/essendon | https://afltables.com/afl/stats/2026.html,2026-10-09
Cillian,Bourke,2006-06-07,ESS,,190,cat_b,yes,https://www.draftguru.com.au/lists/2026/essendon | https://afltables.com/afl/stats/2026.html,2026-10-09
Liam,McMahon,2002-05-02,ESS,,194,rookie,no,https://www.draftguru.com.au/lists/2026/essendon | https://afltables.com/afl/stats/2026.html,2026-10-09
Sam,Sturt,2000-05-12,FRE,,189,senior,no,https://www.draftguru.com.au/lists/2026/fremantle | https://afltables.com/afl/stats/2026.html,2026-10-09
Hugh,Davies,2004-09-28,FRE,,196,senior,yes,https://www.draftguru.com.au/lists/2026/fremantle | https://afltables.com/afl/stats/2026.html,2026-10-09
Adam,Sweid,2007-09-14,FRE,,176,senior,yes,https://www.draftguru.com.au/lists/2026/fremantle | https://afltables.com/afl/stats/2026.html,2026-10-09
Leon,Kickett,2006-11-07,FRE,,173,rookie,yes,https://www.draftguru.com.au/lists/2026/fremantle | https://afltables.com/afl/stats/2026.html,2026-10-09
Charlie,Nicholls,2006-06-08,FRE,,197,senior,yes,https://www.draftguru.com.au/lists/2026/fremantle | https://afltables.com/afl/stats/2026.html,2026-10-09
Toby,Whan,2007-05-09,FRE,,184,cat_b,yes,https://www.draftguru.com.au/lists/2026/fremantle | https://afltables.com/afl/stats/2026.html,2026-10-09
Cooper,Simpson,2005-02-13,FRE,,182,senior,yes,https://www.draftguru.com.au/lists/2026/fremantle | https://afltables.com/afl/stats/2026.html,2026-10-09
Ollie,Murphy,2005-09-16,FRE,,200,senior,no,https://www.draftguru.com.au/lists/2026/fremantle | https://afltables.com/afl/stats/2026.html,2026-10-09
Josh,Draper,2004-02-08,FRE,,197,senior,yes,https://www.draftguru.com.au/lists/2026/fremantle | https://afltables.com/afl/stats/2026.html,2026-10-09
Jaren,Carr,2004-01-27,FRE,,191,senior,yes,https://www.draftguru.com.au/lists/2026/fremantle | https://afltables.com/afl/stats/2026.html,2026-10-09
Ryda,Luke,2007-09-19,FRE,,186,cat_b,no,https://www.draftguru.com.au/lists/2026/fremantle | https://afltables.com/afl/stats/2026.html,2026-10-09
Aiden,Riddle,2005-12-27,FRE,,199,rookie,yes,https://www.draftguru.com.au/lists/2026/fremantle | https://afltables.com/afl/stats/2026.html,2026-10-09
Elliot,Himmelberg,1998-06-04,GCS,,196,senior,yes,https://www.draftguru.com.au/lists/2026/gold-coast | https://afltables.com/afl/stats/2026.html,2026-10-09
Cooper,Bell,2006-11-30,GCS,,199,senior,yes,https://www.draftguru.com.au/lists/2026/gold-coast | https://afltables.com/afl/stats/2026.html,2026-10-09
Zak,Evans,2000-03-26,GCS,,,cat_b,yes,https://www.draftguru.com.au/lists/2026/gold-coast | https://afltables.com/afl/stats/2026.html,2026-10-09
Max,Knobel,2004-06-27,GCS,,206,rookie,yes,https://www.draftguru.com.au/lists/2026/gold-coast | https://afltables.com/afl/stats/2026.html,2026-10-09
Avery,Thomas,2007-09-20,GCS,,185,senior,yes,https://www.draftguru.com.au/lists/2026/gold-coast | https://afltables.com/afl/stats/2026.html,2026-10-09
Asher,Eastham,2006-05-13,GCS,,188,rookie,yes,https://www.draftguru.com.au/lists/2026/gold-coast | https://afltables.com/afl/stats/2026.html,2026-10-09
Koby,Coulson,2007-07-31,GCS,,180,senior,yes,https://www.draftguru.com.au/lists/2026/gold-coast | https://afltables.com/afl/stats/2026.html,2026-10-09
Caleb,Graham,2000-09-12,GCS,,194,senior,yes,https://www.draftguru.com.au/lists/2026/gold-coast | https://afltables.com/afl/stats/2026.html,2026-10-09
Toby,Conway,2003-04-24,GEE,,205,senior,yes,https://www.draftguru.com.au/lists/2026/geelong | https://afltables.com/afl/stats/2026.html,2026-10-09
Tyson,Stengle,1998-10-19,GEE,,171,senior,no,https://www.draftguru.com.au/lists/2026/geelong | https://afltables.com/afl/stats/2026.html,2026-10-09
Jacob,Molier,2006-10-11,GEE,,201,senior,yes,https://www.draftguru.com.au/lists/2026/geelong | https://afltables.com/afl/stats/2026.html,2026-10-09
Hunter,Holmes,2007-02-19,GEE,,188,senior,yes,https://www.draftguru.com.au/lists/2026/geelong | https://afltables.com/afl/stats/2026.html,2026-10-09
Lennox,Hofmann,2006-08-08,GEE,,191,senior,yes,https://www.draftguru.com.au/lists/2026/geelong | https://afltables.com/afl/stats/2026.html,2026-10-09
Jed,Bews,1993-12-14,GEE,,186,senior,yes,https://www.draftguru.com.au/lists/2026/geelong | https://afltables.com/afl/stats/2026.html,2026-10-09
Jesse,Mellor,2007-01-04,GEE,,186,cat_b,yes,https://www.draftguru.com.au/lists/2026/geelong | https://afltables.com/afl/stats/2026.html,2026-10-09
Harley,Barker,2007-05-02,GEE,,188,senior,yes,https://www.draftguru.com.au/lists/2026/geelong | https://afltables.com/afl/stats/2026.html,2026-10-09
Nick,Driscoll,2007-04-07,GEE,,182,rookie,yes,https://www.draftguru.com.au/lists/2026/geelong | https://afltables.com/afl/stats/2026.html,2026-10-09
Keighton,Matofai-Forbes,2006-02-02,GEE,,189,rookie,yes,https://www.draftguru.com.au/lists/2026/geelong | https://afltables.com/afl/stats/2026.html,2026-10-09
Joe,Pike,2005-05-17,GEE,,203,rookie,yes,https://www.draftguru.com.au/lists/2026/geelong | https://afltables.com/afl/stats/2026.html,2026-10-09
Cillian,Burke,2003-03-29,GEE,,192,cat_b,yes,https://www.draftguru.com.au/lists/2026/geelong | https://afltables.com/afl/stats/2026.html,2026-10-09
Darcy,Jones,2004-04-03,GWS,,175,senior,yes,https://www.draftguru.com.au/lists/2026/greater-western-sydney | https://afltables.com/afl/stats/2026.html,2026-10-09
Tom,Green,2001-01-23,GWS,,191,senior,yes,https://www.draftguru.com.au/lists/2026/greater-western-sydney | https://afltables.com/afl/stats/2026.html,2026-10-09
Josh,Kelly,1995-02-12,GWS,,184,senior,yes,https://www.draftguru.com.au/lists/2026/greater-western-sydney | https://afltables.com/afl/stats/2026.html,2026-10-09
Oskar,Taylor,2007-08-01,GWS,,182,senior,yes,https://www.draftguru.com.au/lists/2026/greater-western-sydney | https://afltables.com/afl/stats/2026.html,2026-10-09
Logan,Smith,2006-09-24,GWS,,204,senior,yes,https://www.draftguru.com.au/lists/2026/greater-western-sydney | https://afltables.com/afl/stats/2026.html,2026-10-09
Nathan,Wardius,2004-10-12,GWS,,181,rookie,yes,https://www.draftguru.com.au/lists/2026/greater-western-sydney | https://afltables.com/afl/stats/2026.html,2026-10-09
Finnegan,Davis,2007-01-21,GWS,,188,senior,yes,https://www.draftguru.com.au/lists/2026/greater-western-sydney | https://afltables.com/afl/stats/2026.html,2026-10-09
Matthew,LeRay,2007-02-22,HAW,,188,senior,yes,https://www.draftguru.com.au/lists/2026/hawthorn | https://afltables.com/afl/stats/2026.html,2026-10-09
Cody,Anderson,2006-01-30,HAW,,183,senior,no,https://www.draftguru.com.au/lists/2026/hawthorn | https://afltables.com/afl/stats/2026.html,2026-10-09
James,Blanck,2000-11-20,HAW,,196,senior,no,https://www.draftguru.com.au/lists/2026/hawthorn | https://afltables.com/afl/stats/2026.html,2026-10-09
Jaime,Uhr-Henry,2003-05-12,HAW,,209,cat_b,no,https://www.draftguru.com.au/lists/2026/hawthorn | https://afltables.com/afl/stats/2026.html,2026-10-09
Steven,May,1992-01-10,MEL,,193,senior,no,https://www.draftguru.com.au/lists/2026/melbourne | https://afltables.com/afl/stats/2026.html,2026-10-09
Thomas,Matthews,2007-02-28,MEL,,171,senior,yes,https://www.draftguru.com.au/lists/2026/melbourne | https://afltables.com/afl/stats/2026.html,2026-10-09
Shane,McAdam,1995-05-28,MEL,,185,senior,no,https://www.draftguru.com.au/lists/2026/melbourne | https://afltables.com/afl/stats/2026.html,2026-10-09
Jed,Adams,2004-05-14,MEL,,196,senior,yes,https://www.draftguru.com.au/lists/2026/melbourne | https://afltables.com/afl/stats/2026.html,2026-10-09
Tom,Campbell,1991-11-02,MEL,,201,senior,no,https://www.draftguru.com.au/lists/2026/melbourne | https://afltables.com/afl/stats/2026.html,2026-10-09
Kalani,White,2007-05-05,MEL,,201,rookie,yes,https://www.draftguru.com.au/lists/2026/melbourne | https://afltables.com/afl/stats/2026.html,2026-10-09
Ricky,Mentha,2006-09-04,MEL,,178,cat_b,no,https://www.draftguru.com.au/lists/2026/melbourne | https://afltables.com/afl/stats/2026.html,2026-10-09
Riley,Onley,2007-03-30,MEL,,195,rookie,yes,https://www.draftguru.com.au/lists/2026/melbourne | https://afltables.com/afl/stats/2026.html,2026-10-09
Jack,Henderson,1999-10-01,MEL,,176,rookie,yes,https://www.draftguru.com.au/lists/2026/melbourne | https://afltables.com/afl/stats/2026.html,2026-10-09
Max,Mapley,2005-10-27,MEL,,199,rookie,yes,https://www.draftguru.com.au/lists/2026/melbourne | https://afltables.com/afl/stats/2026.html,2026-10-09
Luke,Urquhart,2006-09-19,NTH,,185,senior,yes,https://www.draftguru.com.au/lists/2026/north-melbourne | https://afltables.com/afl/stats/2026.html,2026-10-09
Blake,Thredgold,2007-08-27,NTH,,195,senior,no,https://www.draftguru.com.au/lists/2026/north-melbourne | https://afltables.com/afl/stats/2026.html,2026-10-09
Hugo,Mikunda,2007-03-13,NTH,,180,senior,yes,https://www.draftguru.com.au/lists/2026/north-melbourne | https://afltables.com/afl/stats/2026.html,2026-10-09
Brayden,George,2004-01-13,NTH,,187,senior,yes,https://www.draftguru.com.au/lists/2026/north-melbourne | https://afltables.com/afl/stats/2026.html,2026-10-09
Jackson,Archer,2003-09-01,NTH,,183,senior,no,https://www.draftguru.com.au/lists/2026/north-melbourne | https://afltables.com/afl/stats/2026.html,2026-10-09
River,Stevens,2006-06-26,NTH,,177,senior,yes,https://www.draftguru.com.au/lists/2026/north-melbourne | https://afltables.com/afl/stats/2026.html,2026-10-09
Oliver,Griffin,2007-06-04,NTH,,186,rookie,yes,https://www.draftguru.com.au/lists/2026/north-melbourne | https://afltables.com/afl/stats/2026.html,2026-10-09
Robert,Hansen,2004-03-13,NTH,,180,rookie,no,https://www.draftguru.com.au/lists/2026/north-melbourne | https://afltables.com/afl/stats/2026.html,2026-10-09
Sam,Powell-Pepper,1998-01-08,PAD,,187,senior,yes,https://www.draftguru.com.au/lists/2026/port-adelaide | https://afltables.com/afl/stats/2026.html,2026-10-09
Josh,Sinn,2003-01-07,PAD,,186,senior,yes,https://www.draftguru.com.au/lists/2026/port-adelaide | https://afltables.com/afl/stats/2026.html,2026-10-09
Ivan,Soldo,1996-04-14,PAD,,204,senior,no,https://www.draftguru.com.au/lists/2026/port-adelaide | https://afltables.com/afl/stats/2026.html,2026-10-09
Benny,Barrett,2006-05-01,PAD,,176,cat_b,no,https://www.draftguru.com.au/lists/2026/port-adelaide | https://afltables.com/afl/stats/2026.html,2026-10-09
Jacob,Moss,2004-12-22,PAD,,198,cat_b,no,https://www.draftguru.com.au/lists/2026/port-adelaide | https://afltables.com/afl/stats/2026.html,2026-10-09
Xavier,Walsh,2005-09-06,PAD,,195,rookie,no,https://www.draftguru.com.au/lists/2026/port-adelaide | https://afltables.com/afl/stats/2026.html,2026-10-09
Mani,Liddy,2002-02-20,PAD,,181,rookie,no,https://www.draftguru.com.au/lists/2026/port-adelaide | https://afltables.com/afl/stats/2026.html,2026-10-09
Josh,Smillie,2006-05-17,RIC,,195,senior,yes,https://www.draftguru.com.au/lists/2026/richmond | https://afltables.com/afl/stats/2026.html,2026-10-09
Tom,Sims,2006-05-12,RIC,,199,senior,yes,https://www.draftguru.com.au/lists/2026/richmond | https://afltables.com/afl/stats/2026.html,2026-10-09
Kaleb,Smith,2004-11-20,RIC,,180,senior,no,https://www.draftguru.com.au/lists/2026/richmond | https://afltables.com/afl/stats/2026.html,2026-10-09
Lance,Collard,2005-03-26,STK,,185,senior,yes,https://www.draftguru.com.au/lists/2026/st-kilda | https://afltables.com/afl/stats/2026.html,2026-10-09
Paddy,Dow,1999-10-16,STK,,185,senior,yes,https://www.draftguru.com.au/lists/2026/st-kilda | https://afltables.com/afl/stats/2026.html,2026-10-09
James,Barrat,2006-11-23,STK,,194,senior,yes,https://www.draftguru.com.au/lists/2026/st-kilda | https://afltables.com/afl/stats/2026.html,2026-10-09
Alex,Dodson,2006-06-15,STK,,203,senior,yes,https://www.draftguru.com.au/lists/2026/st-kilda | https://afltables.com/afl/stats/2026.html,2026-10-09
Patrick,Said,2006-04-24,STK,,180,rookie,yes,https://www.draftguru.com.au/lists/2026/st-kilda | https://afltables.com/afl/stats/2026.html,2026-10-09
Kye,Fincher,2007-11-18,STK,,186,senior,yes,https://www.draftguru.com.au/lists/2026/st-kilda | https://afltables.com/afl/stats/2026.html,2026-10-09
Eamonn,Armstrong,2006-07-26,STK,,191,cat_b,yes,https://www.draftguru.com.au/lists/2026/st-kilda | https://afltables.com/afl/stats/2026.html,2026-10-09
Taylor,Adams,1993-09-20,SYD,,179,senior,no,https://www.draftguru.com.au/lists/2026/sydney | https://afltables.com/afl/stats/2026.html,2026-10-09
Jevan,Phillipou,2007-03-30,SYD,,183,senior,yes,https://www.draftguru.com.au/lists/2026/sydney | https://afltables.com/afl/stats/2026.html,2026-10-09
Riak,Andrew,2005-12-17,SYD,,193,senior,yes,https://www.draftguru.com.au/lists/2026/sydney | https://afltables.com/afl/stats/2026.html,2026-10-09
Ned,Bowman,2006-09-12,SYD,,187,senior,yes,https://www.draftguru.com.au/lists/2026/sydney | https://afltables.com/afl/stats/2026.html,2026-10-09
Max,King,2007-01-09,SYD,,192,senior,yes,https://www.draftguru.com.au/lists/2026/sydney | https://afltables.com/afl/stats/2026.html,2026-10-09
Liam,Hetherton,2007-05-02,SYD,,198,cat_b,yes,https://www.draftguru.com.au/lists/2026/sydney | https://afltables.com/afl/stats/2026.html,2026-10-09
Patrick,Snell,2005-07-18,SYD,,194,senior,yes,https://www.draftguru.com.au/lists/2026/sydney | https://afltables.com/afl/stats/2026.html,2026-10-09
Noah,Chamberlain,2007-03-21,SYD,,191,cat_b,yes,https://www.draftguru.com.au/lists/2026/sydney | https://afltables.com/afl/stats/2026.html,2026-10-09
Will,Darcy,2007-03-14,WBD,,196,senior,yes,https://www.draftguru.com.au/lists/2026/western-bulldogs | https://afltables.com/afl/stats/2026.html,2026-10-09
Caleb,May,2005-05-13,WBD,,208,rookie,yes,https://www.draftguru.com.au/lists/2026/western-bulldogs | https://afltables.com/afl/stats/2026.html,2026-10-09
Riley,Garcia,2001-01-30,WBD,,175,senior,yes,https://www.draftguru.com.au/lists/2026/western-bulldogs | https://afltables.com/afl/stats/2026.html,2026-10-09
Zac,Walker,2006-03-03,WBD,,191,rookie,yes,https://www.draftguru.com.au/lists/2026/western-bulldogs | https://afltables.com/afl/stats/2026.html,2026-10-09
James,Harmes,1995-10-05,WBD,,185,senior,no,https://www.draftguru.com.au/lists/2026/western-bulldogs | https://afltables.com/afl/stats/2026.html,2026-10-09
Tyler,Brockman,2002-11-22,WCE,,180,senior,yes,https://www.draftguru.com.au/lists/2026/west-coast | https://afltables.com/afl/stats/2026.html,2026-10-09
Sam,Allen,2007-01-13,WCE,,184,senior,yes,https://www.draftguru.com.au/lists/2026/west-coast | https://afltables.com/afl/stats/2026.html,2026-10-09
Noah,Long,2004-08-23,WCE,,178,senior,no,https://www.draftguru.com.au/lists/2026/west-coast | https://afltables.com/afl/stats/2026.html,2026-10-09
Clay,Hall,2005-05-12,WCE,,190,senior,yes,https://www.draftguru.com.au/lists/2026/west-coast | https://afltables.com/afl/stats/2026.html,2026-10-09
Harry,Barnett,2004-01-22,WCE,,202,senior,yes,https://www.draftguru.com.au/lists/2026/west-coast | https://afltables.com/afl/stats/2026.html,2026-10-09
Lucca,Grego,2006-09-15,WCE,,184,senior,yes,https://www.draftguru.com.au/lists/2026/west-coast | https://afltables.com/afl/stats/2026.html,2026-10-09
Tylah,Williams,2007-02-22,WCE,,176,senior,yes,https://www.draftguru.com.au/lists/2026/west-coast | https://afltables.com/afl/stats/2026.html,2026-10-09
Fred,Rodriguez,2007-07-10,WCE,,184,rookie,yes,https://www.draftguru.com.au/lists/2026/west-coast | https://afltables.com/afl/stats/2026.html,2026-10-09
Tyrell,Dewar,2004-03-27,WCE,,183,senior,yes,https://www.draftguru.com.au/lists/2026/west-coast | https://afltables.com/afl/stats/2026.html,2026-10-09
Finlay,Macrae,2002-12-12,WCE,,188,rookie,yes,https://www.draftguru.com.au/lists/2026/west-coast | https://afltables.com/afl/stats/2026.html,2026-10-09
Jake,Miles-Wrency,2006-01-11,WCE,,199,cat_b,yes,https://www.draftguru.com.au/lists/2026/west-coast | https://afltables.com/afl/stats/2026.html,2026-10-09
