first,last,dob,club,source_url,checked
Beau,Addinsall,2007-03-09,GCS,https://en.wikipedia.org/wiki/Beau_Addinsall,2026-10-09
Callum,Ah Chee,1997-10-09,ADE,https://en.wikipedia.org/wiki/Callum_Ah_Chee,2026-10-09
Harris,Andrews,1996-12-11,ESS,https://www.afl.com.au/news/1136084/i-had-no-clue-how-lions-star-came-to-the-game,2026-10-09
Will,Ashcroft,2004-05-06,GEE,https://aapnews.aap.com.au/news/lion-ashcroft-set-for-high-stakes-battle-with-geelong,2026-10-09
Sam,Berry,2002-02-12,ESS,https://www.afc.com.au/news/843391/latestcompetitions,2026-10-09
Shai,Bolton,1998-12-08,FRE,https://www.fremantlefc.com.au/news/1703065/star-recruit-shai-bolton-embracing-freo-culture,2026-10-09
Marcus,Bontempelli,1995-11-24,RIC,https://www.aflplayers.com.au/news-feed/stories/qa-with-rising-star-marcus-bontempelli,2026-10-09
Jack,Bowes,1998-01-26,STK,https://en.wikipedia.org/wiki/Jack_Bowes,2026-10-09
Jase,Burgoyne,2003-07-15,PAD,https://www.sbs.com.au/nitv/article/2021/11/26/south-australian-afl-talents-following-footsteps-their-fathers,2026-10-09
Zak,Butters,2000-09-08,WBD,https://en.wikipedia.org/wiki/Zak_Butters,2026-10-09
Finn,Callaghan,2003-04-26,WBD,https://www.afl.com.au/news/741116/itll-be-so-good-giants-no-3-pick-to-debut-against-red-hot-demons,2026-10-09
Darcy,Cameron,1995-07-18,WCE,https://en.wikipedia.org/wiki/Darcy_Cameron,2026-10-09
Jeremy,Cameron,1993-04-01,COL,https://en.wikipedia.org/wiki/Jeremy_Cameron,2026-10-09
Patrick,Cripps,1995-03-18,WCE,https://www.afl.com.au/news/108650/cripps-resigns-with-blues,2026-10-09
Cody,Curtin,2007-05-18,FRE,https://en.wikipedia.org/wiki/Cody_Curtin,2026-10-09
Josh,Daicos,1998-11-26,COL,https://www.afl.com.au/news/100251/son-of-a-gun-carving-his-own-path-with-pies,2026-10-09
Nick,Daicos,2003-01-03,CAR,https://www.afl.com.au/news/568817/this-is-no-typo-why-nick-daicos-will-have-split-loyalties-when-pies-play-blues,2026-10-09
Patrick,Dangerfield,1990-04-05,GEE,https://www.geelongcats.com.au/news/344933/sowerby-geelongs-unluckiest-cats-fan-is-patrick-dangerfield,2026-10-09
Sam,Davidson,2001-12-13,WBD,https://en.wikipedia.org/wiki/Sam_Davidson,2026-10-09
Luke,Davies-Uniacke,1999-06-08,HAW,https://www.afl.com.au/news/639829/north-melbournes-luke-davies-uniacke-on-his-father-family-and-his-improving-form,2026-10-09
Jordan,Dawson,1997-04-09,ADE,https://en.wikipedia.org/wiki/Jordan_Dawson,2026-10-09
Jamie,Elliott,1992-08-21,BRL,https://en.wikipedia.org/wiki/Jamie_Elliott,2026-10-09
Kane,Farrell,1999-03-17,GEE,https://en.wikipedia.org/wiki/Kane_Farrell,2026-10-09
Joe,Fonti,2004-12-24,FRE,https://en.wikipedia.org/wiki/Joe_Fonti,2026-10-09
Joel,Freijah,2005-11-14,CAR,https://en.wikipedia.org/wiki/Joel_Freijah,2026-10-09
Darcy,Gardiner,1995-09-22,ESS,https://www.aflplayers.com.au/news-feed/stories/qa-with-rising-star-darcy-gardiner,2026-10-09
Max,Gawn,1991-12-30,RIC,https://www.melbournefc.com.au/news/65723/retro-moments-with-max-gawn,2026-10-09
Toby,Greene,1993-09-25,ESS,https://gwsgiants.com.au/news/727242/red-black-and-greene,2026-10-09
Errol,Gulden,2002-07-18,CAR,https://en.wikipedia.org/wiki/Errol_Gulden,2026-10-09
Jack,Gunston,1991-10-16,ESS,https://afl.com.au/news/2015-05-27/the-players-who-got-away-from-your-team,2026-10-09
Isaac,Heeney,1996-05-05,SYD,https://en.wikipedia.org/wiki/Isaac_Heeney,2026-10-09
Jack,Henry,1998-08-29,GEE,https://www.sportsnews.com.au/afl/henry-brothers-prepare-to-face-off-in-afl/551643/amp,2026-10-09
Oliver,Henry,2002-07-29,GEE,https://www.sportsnews.com.au/afl/henry-brothers-prepare-to-face-off-in-afl/551643/amp,2026-10-09
Dan,Houston,1997-05-12,CAR,https://www.aflplayers.com.au/news-feed/stories/from-big-kid-to-rising-star,2026-10-09
Jarman,Impey,1995-07-09,RIC,https://www.aflplayers.com.au/news-feed/stories/qa-with-rising-star-jarman-impey,2026-10-09
Luke,Jackson,2001-09-29,FRE,https://www.fremantlefc.com.au/news/1235973/jackson-aiming-high-as-he-settles-in-at-freo,2026-10-09
Leo,Lombard,2006-10-05,GCS,https://en.wikipedia.org/wiki/Leo_Lombard,2026-10-09
Jack,Macrae,1994-08-03,HAW,https://en.wikipedia.org/wiki/Jack_Macrae,2026-10-09
Finn,Maginness,2001-02-23,HAW,https://www.hawthornfc.com.au/news/1045845/players-that-barracked-for-the-hawks-growing-up,2026-10-09
Luke,McDonald,1995-02-09,NTH,https://www.aflplayers.com.au/news-feed/stories/qa-with-rising-star-luke-mcdonald,2026-10-09
Ben,McKay,1997-12-24,ESS,https://en.wikipedia.org/wiki/Ben_McKay_(footballer),2026-10-09
Wayne,Milera,1997-09-14,ADE,https://afc.com.au/players/830/wayne-milera,2026-10-09
Callum,Mills,1997-04-02,SYD,https://www.afl.com.au/news/110795/swans-debutant-callum-mills-escaping-the-hype-out-of-the-melbourne-bubble,2026-10-09
Darcy,Moore,1996-01-25,COL,https://www.afl.com.au/news/443311/magpies-flow-through-my-veins-says-draftee,2026-10-09
Dylan,Moore,1999-08-04,HAW,https://www.hawthornfc.com.au/news/1045845/players-that-barracked-for-the-hawks-growing-up,2026-10-09
Aaron,Naughton,1999-11-30,COL,https://www.soundtelegraph.com.au/news/perth/afl-clubs-circle-rising-star-ng-b88665609z,2026-10-09
Lachie,Neale,1993-05-24,PAD,https://www.lions.com.au/news/248283/voss-black-akermanis-neale-lachie-could-join-brisbane-greats,2026-10-09
Jai,Newcombe,2001-08-02,HAW,https://www.hawthornfc.com.au/news/1045845/players-that-barracked-for-the-hawks-growing-up,2026-10-09
Connor,OSullivan,2005-05-19,SYD,https://www.afl.com.au/news/1427313/its-something-else-rising-cat-connor-osullivan-makes-the-most-of-his-moment-on-big-stage,2026-10-09
Clayton,Oliver,1997-07-22,BRL,https://en.wikipedia.org/wiki/Clayton_Oliver,2026-10-09
Tom,Papley,1996-07-13,SYD,https://sydneyswans.com.au/news/455038/papleys-family-ties,2026-10-09
Luke,Parker,1992-10-25,CAR,https://www.sydneyswans.com.au/news/151368/in-profile-luke-parker,2026-10-09
Scott,Pendlebury,1988-01-07,MEL,https://en.wikipedia.org/wiki/Scott_Pendlebury,2026-10-09
Christian,Petracca,1996-01-04,COL,https://en.wikipedia.org/wiki/Christian_Petracca,2026-10-09
Isaac,Quaynor,2000-01-15,COL,https://www.collingwoodfc.com.au/news/267853/lifelong-fan-a-next-gen-draft-chance,2026-10-09
Josh,Rachele,2003-04-11,CAR,https://archive.sen.com.au/news/2021/11/03/two-clubs-stood-out-to-potential-top-10-pick-during-pre-draft-interviews/index.html,2026-10-09
Izak,Rankine,2000-04-23,ADE,https://archive.sen.com.au/news/2022/10/11/i-was-never-going-anywhere-else-why-rankine-was-always-destined-to-be-a-crow/index.html,2026-10-09
Ethan,Read,2005-07-07,GCS,https://en.wikipedia.org/wiki/Ethan_Read,2026-10-09
Harley,Reid,2005-04-17,GEE,https://uk.sports.yahoo.com/news/young-gun-harley-reid-enters-150005104.html,2026-10-09
Ed,Richards,1999-07-03,COL,https://www.westernbulldogs.com.au/news/23362/move-over-magpies-richards-bulldogs-links,2026-10-09
Archie,Roberts,2005-11-18,CAR,https://en.wikipedia.org/wiki/Archie_Roberts_(Australian_footballer,2026-10-09
Jack,Scrimshaw,1998-09-04,HAW,https://www.hawthornfc.com.au/news/1045845/players-that-barracked-for-the-hawks-growing-up,2026-10-09
Jack,Silvagni,1997-12-17,CAR,https://carltonfc.com.au/news/1165523/growing-up-and-giving-back-silvagni-on-being-a-blue,2026-10-09
Jack,Sinclair,1995-02-12,CAR,https://www.saints.com.au/news/1694672/seventy-years-apart-connected-by-the-crest-sinclairs-family-ties-to-st-kilda,2026-10-09
Bailey,Smith,2000-12-07,HAW,https://www.afl.com.au/news/81475/obsessed-mid-rockets-into-top-10-calculations,2026-10-09
Jack,Steele,1995-12-13,COL,https://en.wikipedia.org/wiki/Jack_Steele,2026-10-09
Riley,Thilthorpe,2002-07-07,ADE,https://en.wikipedia.org/wiki/Riley_Thilthorpe,2026-10-09
Taylor,Walker,1990-04-25,ADE,https://www.afl.com.au/news/2015-01-14/walker-lives-his-dream,2026-10-09
Sam,Walsh,2000-07-02,BRL,https://www.afl.com.au/news/143614/academy-prospect-sam-walsh-ready-to-take-on-his-idol,2026-10-09
Josh,Ward,2003-08-17,HAW,https://www.hawthornfc.com.au/news/1045845/players-that-barracked-for-the-hawks-growing-up,2026-10-09
George,Wardlaw,2004-06-11,ESS,https://en.wikipedia.org/wiki/George_Wardlaw,2026-10-09
Nick,Watson,2005-02-24,COL,https://www.3aw.com.au/always-hated-hawthorn-hawk-nick-watson-speaks-about-supporting-collingwood-as-a-kid/,2026-10-09
Cody,Weightman,2001-01-15,COL,https://en.wikipedia.org/wiki/Cody_Weightman,2026-10-09
Lachie,Whitfield,1994-07-18,HAW,https://en.wikipedia.org/wiki/Lachie_Whitfield,2026-10-09
Ollie,Wines,1994-10-07,CAR,https://www.afl.com.au/news/1523973/ollie-wines-never-thought-hed-stay-at-port-now-he-cant-imagine-leaving,2026-10-09
