first,last,dob,club,skin,hair,status,source
Chayce,Jones,2000-01-14,ADE,2,dark_brown,confirmed,https://www.afc.com.au/teams/afl
Ben,Keays,1997-02-23,ADE,2,dark_brown,confirmed,https://www.afc.com.au/teams/afl
Sam,Berry,2002-02-12,ADE,2,light_brown,confirmed,https://www.afc.com.au/teams/afl
Callum,Ah Chee,1997-10-09,ADE,4,black,confirmed,https://www.afc.com.au/teams/afl
Daniel,Curtin,2005-03-08,ADE,2,brown,confirmed,https://www.afc.com.au/teams/afl
Riley,Thilthorpe,2002-07-07,ADE,2,brown,confirmed,https://www.afc.com.au/teams/afl
Josh,Rachele,2003-04-11,ADE,3,black,confirmed,https://www.afc.com.au/teams/afl
Nick,Murray,2000-12-18,ADE,2,light_brown,confirmed,https://www.afc.com.au/teams/afl
Luke,Pedlar,2002-05-17,ADE,2,brown,confirmed,https://www.afc.com.au/teams/afl
Charlie,Edwards,2005-05-18,ADE,2,dark_brown,confirmed,https://www.afc.com.au/teams/afl
Jordan,Dawson,1997-04-09,ADE,2,light_brown,confirmed,https://www.afc.com.au/teams/afl
Taylor,Walker,1990-04-25,ADE,2,dark_brown,confirmed,https://www.afc.com.au/teams/afl
Jake,Soligo,2003-01-25,ADE,2,dark_brown,confirmed,https://www.afc.com.au/teams/afl
Brayden,Cook,2002-07-18,ADE,2,light_brown,confirmed,https://www.afc.com.au/teams/afl
Max,Michalanney,2004-02-26,ADE,1,red,confirmed,https://www.afc.com.au/teams/afl
Zac,Taylor,2003-01-31,ADE,2,brown,confirmed,https://www.afc.com.au/teams/afl
Mitch,Hinge,1998-06-26,ADE,2,light_brown,confirmed,https://www.afc.com.au/teams/afl
Hugh,Bond,2004-09-25,ADE,2,dark_brown,confirmed,https://www.afc.com.au/teams/afl
Oscar,Ryan,2005-05-15,ADE,2,dark_brown,confirmed,https://www.afc.com.au/teams/afl
Izak,Rankine,2000-04-23,ADE,3,black,confirmed,https://www.afc.com.au/teams/afl
Josh,Worrell,2001-04-11,ADE,2,brown,confirmed,https://www.afc.com.au/teams/afl
James,Peatling,2000-08-21,ADE,2,brown,confirmed,https://www.afc.com.au/teams/afl
Luke,Nankervis,2003-05-25,ADE,2,brown,confirmed,https://www.afc.com.au/teams/afl
Alex,Neal-Bullen,1996-01-09,ADE,2,dark_brown,confirmed,https://www.afc.com.au/teams/afl
Rory,Laird,1993-12-29,ADE,2,red,confirmed,https://www.afc.com.au/teams/afl
Wayne,Milera,1997-09-14,ADE,3,black,confirmed,https://www.afc.com.au/teams/afl
Billy,Dowling,2004-07-01,ADE,2,brown,confirmed,https://www.afc.com.au/teams/afl
Darcy,Fogarty,1999-09-25,ADE,2,dark_brown,confirmed,https://www.afc.com.au/teams/afl
Archie,Ludowyke,2007-11-19,ADE,2,brown,confirmed,https://www.afc.com.au/teams/afl
James,Borlase,2002-07-18,ADE,2,dark_brown,confirmed,https://www.afc.com.au/teams/afl
Finnbar,Maley,2003-07-18,ADE,2,brown,confirmed,https://www.afc.com.au/teams/afl
Toby,Murray,2003-11-03,ADE,1,red,confirmed,https://www.afc.com.au/teams/afl
Hugo,Hall-Kahan,2003-09-22,ADE,2,light_brown,confirmed,https://www.afc.com.au/teams/afl
Jordon,Butts,1999-12-31,ADE,2,dark_brown,confirmed,https://www.afc.com.au/teams/afl
Lachlan,McAndrew,2000-05-26,ADE,2,brown,confirmed,https://www.afc.com.au/teams/afl
Reilly,OBrien,1995-08-20,ADE,2,red,confirmed,https://www.afc.com.au/teams/afl
Isaac,Cumming,1998-08-11,ADE,3,black,confirmed,https://www.afc.com.au/teams/afl
Mark,Keane,2000-03-17,ADE,2,red,confirmed,https://www.afc.com.au/teams/afl
Kai,Lohmann,2003-05-06,BRL,2,blond,confirmed,https://www.lions.com.au/teams/afl/squad
Sam,Draper,1998-09-28,BRL,2,dark_brown,confirmed,https://www.lions.com.au/teams/afl/squad
Jaspa,Fletcher,2004-02-24,BRL,2,light_brown,confirmed,https://www.lions.com.au/teams/afl/squad
Oscar,Allen,1999-03-19,BRL,2,blond,confirmed,https://www.lions.com.au/teams/afl/squad
Josh,Dunkley,1997-01-09,BRL,2,dark_brown,confirmed,https://www.lions.com.au/teams/afl/squad
Hugh,McCluggage,1998-03-03,BRL,2,dark_brown,confirmed,https://www.lions.com.au/teams/afl/squad
Jarrod,Berry,1998-02-05,BRL,2,brown,confirmed,https://www.lions.com.au/teams/afl/squad
Will,Ashcroft,2004-05-06,BRL,2,blond,confirmed,https://www.lions.com.au/teams/afl/squad
Lachie,Neale,1993-05-24,BRL,2,dark_brown,confirmed,https://www.lions.com.au/teams/afl/squad
Levi,Ashcroft,2006-12-18,BRL,2,blond,confirmed,https://www.lions.com.au/teams/afl/squad
Lincoln,McCarthy,1993-10-22,BRL,2,brown,confirmed,https://www.lions.com.au/teams/afl/squad
Logan,Morris,2005-05-10,BRL,2,light_brown,confirmed,https://www.lions.com.au/teams/afl/squad
Daniel,Annable,2007-04-05,BRL,2,brown,confirmed,https://www.lions.com.au/teams/afl/squad
Dayne,Zorko,1989-02-09,BRL,2,dark_brown,confirmed,https://www.lions.com.au/teams/afl/squad
Cam,Rayner,1999-10-21,BRL,2,dark_brown,confirmed,https://www.lions.com.au/teams/afl/squad
Keidean,Coleman,2000-03-31,BRL,5,black,confirmed,https://www.lions.com.au/teams/afl/squad
Sam,Marshall,2006-01-19,BRL,2,brown,confirmed,https://www.lions.com.au/teams/afl/squad
Zane,Zakostelsky,2005-12-14,BRL,1,blond,confirmed,https://www.lions.com.au/teams/afl/squad
Ty,Gallop,2006-02-09,BRL,2,light_brown,confirmed,https://www.lions.com.au/teams/afl/squad
Charlie,Cameron,1994-07-05,BRL,4,black,confirmed,https://www.lions.com.au/teams/afl/squad
Conor,McKenna,1996-03-28,BRL,2,dark_brown,confirmed,https://www.lions.com.au/teams/afl/squad
Darcy,Gardiner,1995-09-22,BRL,2,brown,confirmed,https://www.lions.com.au/teams/afl/squad
Will,McLachlan,2005-04-13,BRL,2,light_brown,confirmed,https://www.lions.com.au/teams/afl/squad
James,Tunstill,2003-07-18,BRL,2,dark_brown,confirmed,https://www.lions.com.au/teams/afl/squad
Eric,Hipwood,1997-09-13,BRL,2,dark_brown,confirmed,https://www.lions.com.au/teams/afl/squad
Harris,Andrews,1996-12-11,BRL,2,light_brown,confirmed,https://www.lions.com.au/teams/afl/squad
Darcy,Fort,1993-08-06,BRL,2,dark_brown,confirmed,https://www.lions.com.au/teams/afl/squad
Zac,Bailey,1999-09-23,BRL,2,light_brown,confirmed,https://www.lions.com.au/teams/afl/squad
Shadeau,Brain,2004-02-13,BRL,2,light_brown,confirmed,https://www.lions.com.au/teams/afl/squad
Ryan,Lester,1992-08-26,BRL,2,brown,confirmed,https://www.lions.com.au/teams/afl/squad
Cody,Curtin,2007-05-18,BRL,1,blond,confirmed,https://www.lions.com.au/teams/afl/squad
Bruce,Reville,2001-02-22,BRL,5,black,confirmed,https://www.lions.com.au/teams/afl/squad
Darragh,Joyce,1997-04-23,BRL,2,red,confirmed,https://www.lions.com.au/teams/afl/squad
Noah,Answerth,1999-08-06,BRL,2,brown,confirmed,https://www.lions.com.au/teams/afl/squad
Darcy,Wilmot,2003-12-31,BRL,2,light_brown,confirmed,https://www.lions.com.au/teams/afl/squad
Lachlan,Cowan,2004-12-01,CAR,2,dark_brown,confirmed,https://www.carltonfc.com.au/teams/afl
Oliver,Hollands,2004-01-16,CAR,2,dark_brown,confirmed,https://www.carltonfc.com.au/teams/afl
Adam,Cerra,1999-10-07,CAR,3,black,confirmed,https://www.carltonfc.com.au/teams/afl
Zac,Williams,1994-09-20,CAR,2,black,confirmed,https://www.carltonfc.com.au/teams/afl
Jagga,Smith,2006-01-28,CAR,2,dark_brown,confirmed,https://www.carltonfc.com.au/teams/afl
Lachie,Fogarty,1999-04-01,CAR,2,brown,confirmed,https://www.carltonfc.com.au/teams/afl
Patrick,Cripps,1995-03-18,CAR,2,light_brown,confirmed,https://www.carltonfc.com.au/teams/afl
Harry,McKay,1997-12-24,CAR,2,light_brown,confirmed,https://www.carltonfc.com.au/teams/afl
Mitch,McGovern,1994-10-11,CAR,2,dark_brown,confirmed,https://www.carltonfc.com.au/teams/afl
Ben,Ainsworth,1998-02-10,CAR,3,black,confirmed,https://www.carltonfc.com.au/teams/afl
Blake,Acres,1995-10-07,CAR,2,brown,confirmed,https://www.carltonfc.com.au/teams/afl
Oliver,Florent,1998-07-22,CAR,2,dark_brown,confirmed,https://www.carltonfc.com.au/teams/afl
Billy,Wilson,2005-06-16,CAR,1,blond,confirmed,https://www.carltonfc.com.au/teams/afl
Brodie,Kemp,2001-05-01,CAR,2,dark_brown,confirmed,https://www.carltonfc.com.au/teams/afl
Sam,Walsh,2000-07-02,CAR,2,brown,confirmed,https://www.carltonfc.com.au/teams/afl
Will,Hayward,1998-10-26,CAR,2,brown,confirmed,https://www.carltonfc.com.au/teams/afl
Elijah,Hollands,2002-04-25,CAR,2,dark_brown,confirmed,https://www.carltonfc.com.au/teams/afl
Jacob,Weitering,1997-11-23,CAR,2,dark_brown,confirmed,https://www.carltonfc.com.au/teams/afl
Nic,Newman,1993-01-15,CAR,2,dark_brown,confirmed,https://www.carltonfc.com.au/teams/afl
Liam,Reidy,2000-06-14,CAR,2,brown,confirmed,https://www.carltonfc.com.au/teams/afl
Nick,Haynes,1992-05-18,CAR,2,light_brown,confirmed,https://www.carltonfc.com.au/teams/afl
Marc,Pittonet,1996-06-03,CAR,2,dark_brown,confirmed,https://www.carltonfc.com.au/teams/afl
George,Hewett,1995-12-29,CAR,2,dark_brown,confirmed,https://www.carltonfc.com.au/teams/afl
Jack,Ison,2007-03-26,CAR,2,light_brown,confirmed,https://www.carltonfc.com.au/teams/afl
Campbell,Chesser,2003-04-27,CAR,2,dark_brown,confirmed,https://www.carltonfc.com.au/teams/afl
Matt,Carroll,2005-11-28,CAR,2,light_brown,confirmed,https://www.carltonfc.com.au/teams/afl
Lewis,Young,1998-12-20,CAR,2,dark_brown,confirmed,https://www.carltonfc.com.au/teams/afl
Harry,Dean,2007-11-13,CAR,1,red,confirmed,https://www.carltonfc.com.au/teams/afl
Cooper,Lord,2005-03-20,CAR,2,brown,confirmed,https://www.carltonfc.com.au/teams/afl
Jordan,Boyd,1998-09-22,CAR,2,light_brown,confirmed,https://www.carltonfc.com.au/teams/afl
Flynn,Riley,2004-04-05,CAR,2,dark_brown,confirmed,https://www.carltonfc.com.au/teams/afl
Talor,Byrne,2007-11-14,CAR,2,light_brown,confirmed,https://www.carltonfc.com.au/teams/afl
Hudson,OKeeffe,2004-12-16,CAR,2,brown,confirmed,https://www.carltonfc.com.au/teams/afl
Adam,Saad,1994-07-23,CAR,3,black,confirmed,https://www.carltonfc.com.au/teams/afl
Ashton,Moir,2005-04-15,CAR,3,black,confirmed,https://www.carltonfc.com.au/teams/afl
Francis,Evans,2001-08-23,CAR,2,brown,confirmed,https://www.carltonfc.com.au/teams/afl
Flynn,Young,2002-02-03,CAR,1,light_brown,confirmed,https://www.carltonfc.com.au/teams/afl
Matthew,Cottrell,2000-02-29,CAR,2,red,confirmed,https://www.carltonfc.com.au/teams/afl
Wade,Derksen,2001-06-18,CAR,2,dark_brown,confirmed,https://www.carltonfc.com.au/teams/afl
Patrick,Lipinski,1998-07-17,COL,2,brown,confirmed,https://www.collingwoodfc.com.au/teams/afl
Jordan,de Goey,1996-03-15,COL,2,dark_brown,confirmed,https://www.collingwoodfc.com.au/teams/afl
Isaac,Quaynor,2000-01-15,COL,5,black,confirmed,https://www.collingwoodfc.com.au/teams/afl
Brayden,Maynard,1996-09-20,COL,2,black,confirmed,https://www.collingwoodfc.com.au/teams/afl
Jamie,Elliott,1992-08-21,COL,2,dark_brown,confirmed,https://www.collingwoodfc.com.au/teams/afl
Josh,Daicos,1998-11-26,COL,3,black,confirmed,https://www.collingwoodfc.com.au/teams/afl
Lachie,Schultz,1997-11-30,COL,2,black,confirmed,https://www.collingwoodfc.com.au/teams/afl
Dan,Houston,1997-05-12,COL,2,light_brown,confirmed,https://www.collingwoodfc.com.au/teams/afl
Scott,Pendlebury,1988-01-07,COL,2,dark_brown,confirmed,https://www.collingwoodfc.com.au/teams/afl
Daniel,McStay,1995-06-24,COL,2,dark_brown,confirmed,https://www.collingwoodfc.com.au/teams/afl
Harry,Perryman,1998-12-19,COL,2,brown,confirmed,https://www.collingwoodfc.com.au/teams/afl
Darcy,Cameron,1995-07-18,COL,2,brown,confirmed,https://www.collingwoodfc.com.au/teams/afl
Wil,Parker,2002-05-29,COL,2,brown,confirmed,https://www.collingwoodfc.com.au/teams/afl
Edward,Allan,2004-05-26,COL,2,light_brown,confirmed,https://www.collingwoodfc.com.au/teams/afl
Billy,Frampton,1996-11-20,COL,1,blond,confirmed,https://www.collingwoodfc.com.au/teams/afl
Oscar,Steene,2003-08-23,COL,2,dark_brown,confirmed,https://www.collingwoodfc.com.au/teams/afl
Steele,Sidebottom,1991-01-02,COL,2,dark_brown,confirmed,https://www.collingwoodfc.com.au/teams/afl
Jack,Crisp,1993-10-02,COL,2,dark_brown,confirmed,https://www.collingwoodfc.com.au/teams/afl
Tim,Membrey,1994-05-26,COL,2,dark_brown,confirmed,https://www.collingwoodfc.com.au/teams/afl
Charlie,West,2006-02-01,COL,2,dark_brown,confirmed,https://www.collingwoodfc.com.au/teams/afl
Darcy,Moore,1996-01-25,COL,2,light_brown,confirmed,https://www.collingwoodfc.com.au/teams/afl
Beau,McCreery,2001-04-19,COL,2,red,confirmed,https://www.collingwoodfc.com.au/teams/afl
Sam,Swadling,2007-01-16,COL,2,black,confirmed,https://www.collingwoodfc.com.au/teams/afl
Lachlan,Sullivan,1997-09-25,COL,2,dark_brown,confirmed,https://www.collingwoodfc.com.au/teams/afl
Jack,Buller,2001-05-16,COL,2,light_brown,confirmed,https://www.collingwoodfc.com.au/teams/afl
Nick,Daicos,2003-01-03,COL,3,black,confirmed,https://www.collingwoodfc.com.au/teams/afl
Harvey,Harrison,2003-11-10,COL,2,dark_brown,confirmed,https://www.collingwoodfc.com.au/teams/afl
Jeremy,Howe,1990-06-29,COL,2,dark_brown,confirmed,https://www.collingwoodfc.com.au/teams/afl
Will,Hayes,2006-05-16,COL,2,dark_brown,confirmed,https://www.collingwoodfc.com.au/teams/afl
Noah,Howes,2005-10-28,COL,2,dark_brown,confirmed,https://www.collingwoodfc.com.au/teams/afl
Angus,Anderson,2003-05-25,COL,2,brown,confirmed,https://www.collingwoodfc.com.au/teams/afl
Ned,Long,2003-02-05,COL,2,dark_brown,confirmed,https://www.collingwoodfc.com.au/teams/afl
Roan,Steele,2001-10-22,COL,2,dark_brown,confirmed,https://www.collingwoodfc.com.au/teams/afl
Mitch,Podhajski,1999-01-04,COL,2,light_brown,confirmed,https://www.collingwoodfc.com.au/teams/afl
Liam,Puncher,2003-08-26,COL,2,dark_brown,confirmed,https://www.collingwoodfc.com.au/teams/afl
Andrew,McGrath,1998-06-02,ESS,2,dark_brown,confirmed,https://www.essendonfc.com.au/teams/afl
Jacob,Farrow,2007-09-21,ESS,2,brown,confirmed,https://www.essendonfc.com.au/teams/afl
Darcy,Parish,1997-07-25,ESS,2,blond,confirmed,https://www.essendonfc.com.au/teams/afl
Kyle,Langford,1996-12-01,ESS,2,black,confirmed,https://www.essendonfc.com.au/teams/afl
Elijah,Tsatas,2004-10-18,ESS,2,dark_brown,confirmed,https://www.essendonfc.com.au/teams/afl
Jye,Caldwell,2000-09-28,ESS,2,dark_brown,confirmed,https://www.essendonfc.com.au/teams/afl
Zach,Merrett,1995-10-03,ESS,2,dark_brown,confirmed,https://www.essendonfc.com.au/teams/afl
Brayden,Fiorini,1997-08-22,ESS,2,black,confirmed,https://www.essendonfc.com.au/teams/afl
Sullivan,Robey,2007-10-04,ESS,2,light_brown,confirmed,https://www.essendonfc.com.au/teams/afl
Isaac,Kako,2006-03-07,ESS,4,black,confirmed,https://www.essendonfc.com.au/teams/afl
Jade,Gresham,1997-08-24,ESS,2,dark_brown,confirmed,https://www.essendonfc.com.au/teams/afl
Will,Setterfield,1998-02-05,ESS,1,blond,confirmed,https://www.essendonfc.com.au/teams/afl
Nik,Cox,2002-01-15,ESS,2,dark_brown,confirmed,https://www.essendonfc.com.au/teams/afl
Jordan,Ridley,1998-10-20,ESS,2,dark_brown,confirmed,https://www.essendonfc.com.au/teams/afl
Dyson,Sharp,2007-05-23,ESS,2,light_brown,confirmed,https://www.essendonfc.com.au/teams/afl
Archie,Perkins,2002-03-26,ESS,2,dark_brown,confirmed,https://www.essendonfc.com.au/teams/afl
Vigo,Visentini,2005-09-05,ESS,2,dark_brown,confirmed,https://www.essendonfc.com.au/teams/afl
Peter,Wright,1996-09-08,ESS,2,red,confirmed,https://www.essendonfc.com.au/teams/afl
Archie,Roberts,2005-11-18,ESS,2,dark_brown,confirmed,https://www.essendonfc.com.au/teams/afl
Sam,Durham,2001-07-09,ESS,2,dark_brown,confirmed,https://www.essendonfc.com.au/teams/afl
Harry,Jones,2001-02-25,ESS,2,dark_brown,confirmed,https://www.essendonfc.com.au/teams/afl
Nick,Bryan,2001-10-22,ESS,2,blond,confirmed,https://www.essendonfc.com.au/teams/afl
Jaxon,Prior,2001-06-04,ESS,2,dark_brown,confirmed,https://www.essendonfc.com.au/teams/afl
Archie,May,2004-08-27,ESS,2,light_brown,confirmed,https://www.essendonfc.com.au/teams/afl
Mason,Redman,1997-08-26,ESS,2,light_brown,confirmed,https://www.essendonfc.com.au/teams/afl
Xavier,Duursma,2000-07-07,ESS,2,brown,confirmed,https://www.essendonfc.com.au/teams/afl
Max,Kondogiannis,2007-11-14,ESS,2,dark_brown,confirmed,https://www.essendonfc.com.au/teams/afl
Nate,Caddy,2005-07-14,ESS,2,blond,confirmed,https://www.essendonfc.com.au/teams/afl
Zach,Reid,2002-03-02,ESS,2,brown,confirmed,https://www.essendonfc.com.au/teams/afl
Ben,McKay,1997-12-24,ESS,2,light_brown,confirmed,https://www.essendonfc.com.au/teams/afl
Hussien,El Achkar,2007-04-02,ESS,3,black,confirmed,https://www.essendonfc.com.au/teams/afl
Jaxon,Artemis,2006-08-24,ESS,2,brown,confirmed,https://www.essendonfc.com.au/teams/afl
Matt,Guelfi,1997-08-14,ESS,2,brown,confirmed,https://www.essendonfc.com.au/teams/afl
Angus,Clarke,2006-05-08,ESS,1,light_brown,confirmed,https://www.essendonfc.com.au/teams/afl
Rhys,Unwin,2006-10-11,ESS,2,red,confirmed,https://www.essendonfc.com.au/teams/afl
Zak,Johnson,2006-12-24,ESS,2,light_brown,confirmed,https://www.essendonfc.com.au/teams/afl
Saad,El-Hawli,2001-05-15,ESS,3,black,confirmed,https://www.essendonfc.com.au/teams/afl
Jayden,Nguyen,2006-07-27,ESS,3,black,confirmed,https://www.essendonfc.com.au/teams/afl
Archer,Day-Wicks,2006-05-13,ESS,2,dark_brown,confirmed,https://www.essendonfc.com.au/teams/afl
Tom,Edwards,2000-05-20,ESS,2,light_brown,confirmed,https://www.essendonfc.com.au/teams/afl
Lachlan,Blakiston,1998-09-09,ESS,2,light_brown,confirmed,https://www.essendonfc.com.au/teams/afl
Jaeger,OMeara,1994-02-23,FRE,2,dark_brown,confirmed,https://www.fremantlefc.com.au/teams/afl
Caleb,Serong,2001-02-09,FRE,2,brown,confirmed,https://www.fremantlefc.com.au/teams/afl
Sean,Darcy,1998-06-12,FRE,2,brown,confirmed,https://www.fremantlefc.com.au/teams/afl
Heath,Chapman,2002-01-31,FRE,3,black,confirmed,https://www.fremantlefc.com.au/teams/afl
Jordan,Clark,2000-10-16,FRE,2,dark_brown,confirmed,https://www.fremantlefc.com.au/teams/afl
Andrew,Brayshaw,1999-11-08,FRE,2,dark_brown,confirmed,https://www.fremantlefc.com.au/teams/afl
Luke,Jackson,2001-09-29,FRE,2,dark_brown,confirmed,https://www.fremantlefc.com.au/teams/afl
Shai,Bolton,1998-12-08,FRE,4,black,confirmed,https://www.fremantlefc.com.au/teams/afl
Tobyn,Murray,2005-05-05,FRE,2,brown,confirmed,https://www.fremantlefc.com.au/teams/afl
Luke,Ryan,1996-02-06,FRE,2,dark_brown,confirmed,https://www.fremantlefc.com.au/teams/afl
Jeremy,Sharp,2001-08-13,FRE,2,light_brown,confirmed,https://www.fremantlefc.com.au/teams/afl
Murphy,Reid,2006-07-30,FRE,2,dark_brown,confirmed,https://www.fremantlefc.com.au/teams/afl
Judd,McVee,2003-08-07,FRE,2,dark_brown,confirmed,https://www.fremantlefc.com.au/teams/afl
Mason,Cox,1991-03-14,FRE,2,dark_brown,confirmed,https://www.fremantlefc.com.au/teams/afl
Patrick,Voss,2003-06-29,FRE,2,dark_brown,confirmed,https://www.fremantlefc.com.au/teams/afl
Oscar,McDonald,1996-03-18,FRE,2,light_brown,confirmed,https://www.fremantlefc.com.au/teams/afl
Karl,Worner,2002-06-16,FRE,2,light_brown,confirmed,https://www.fremantlefc.com.au/teams/afl
Jye,Amiss,2003-07-31,FRE,2,brown,confirmed,https://www.fremantlefc.com.au/teams/afl
Alex,Pearce,1995-06-09,FRE,3,dark_brown,confirmed,https://www.fremantlefc.com.au/teams/afl
Hayden,Young,2001-04-11,FRE,1,blond,confirmed,https://www.fremantlefc.com.au/teams/afl
Neil,Erasmus,2003-12-02,FRE,2,dark_brown,confirmed,https://www.fremantlefc.com.au/teams/afl
Nathan,ODriscoll,2002-05-17,FRE,2,brown,confirmed,https://www.fremantlefc.com.au/teams/afl
Brandon,Walker,2002-10-17,FRE,5,black,confirmed,https://www.fremantlefc.com.au/teams/afl
Michael,Frederick,2000-05-17,FRE,6,black,confirmed,https://www.fremantlefc.com.au/teams/afl
Corey,Wagner,1997-03-23,FRE,2,light_brown,confirmed,https://www.fremantlefc.com.au/teams/afl
Josh,Treacy,2002-08-04,FRE,2,light_brown,confirmed,https://www.fremantlefc.com.au/teams/afl
Brennan,Cox,1998-08-13,FRE,2,dark_brown,confirmed,https://www.fremantlefc.com.au/teams/afl
Sam,Switkowski,1996-11-20,FRE,2,dark_brown,confirmed,https://www.fremantlefc.com.au/teams/afl
Bailey,Banfield,1998-02-26,FRE,2,black,confirmed,https://www.fremantlefc.com.au/teams/afl
Isaiah,Dudley,2003-04-30,FRE,4,black,confirmed,https://www.fremantlefc.com.au/teams/afl
Matthew,Johnson,2003-03-16,FRE,2,light_brown,confirmed,https://www.fremantlefc.com.au/teams/afl
Chris,Scerri,2006-07-06,FRE,2,dark_brown,confirmed,https://www.fremantlefc.com.au/teams/afl
Rhys,Stanley,1990-12-01,GEE,2,light_brown,confirmed,https://www.geelongcats.com.au/teams/afl
Jay,Polkinghorne,2006-06-02,GEE,2,light_brown,confirmed,https://www.geelongcats.com.au/teams/afl
Bailey,Smith,2000-12-07,GEE,2,light_brown,confirmed,https://www.geelongcats.com.au/teams/afl
Tanner,Bruhn,2002-05-27,GEE,1,blond,confirmed,https://www.geelongcats.com.au/teams/afl
Jeremy,Cameron,1993-04-01,GEE,2,dark_brown,confirmed,https://www.geelongcats.com.au/teams/afl
Shaun,Mannagh,1997-08-06,GEE,2,dark_brown,confirmed,https://www.geelongcats.com.au/teams/afl
Jake,Kolodjashnij,1995-08-09,GEE,2,brown,confirmed,https://www.geelongcats.com.au/teams/afl
Max,Holmes,2002-08-29,GEE,2,dark_brown,confirmed,https://www.geelongcats.com.au/teams/afl
Mitch,Knevitt,2003-01-08,GEE,1,blond,confirmed,https://www.geelongcats.com.au/teams/afl
Mitchell,Edwards,2005-06-02,GEE,2,light_brown,confirmed,https://www.geelongcats.com.au/teams/afl
Jack,Bowes,1998-01-26,GEE,2,dark_brown,confirmed,https://www.geelongcats.com.au/teams/afl
Jhye,Clark,2004-07-23,GEE,2,brown,confirmed,https://www.geelongcats.com.au/teams/afl
Connor,OSullivan,2005-05-19,GEE,2,dark_brown,confirmed,https://www.geelongcats.com.au/teams/afl
George,Stevens,2005-04-14,GEE,2,light_brown,confirmed,https://www.geelongcats.com.au/teams/afl
Sam,De Koning,2001-02-26,GEE,1,blond,confirmed,https://www.geelongcats.com.au/teams/afl
Lawson,Humphries,2003-01-24,GEE,3,black,confirmed,https://www.geelongcats.com.au/teams/afl
Jack,Martin,1995-01-29,GEE,4,black,confirmed,https://www.geelongcats.com.au/teams/afl
Oliver,Wiltshire,2002-09-15,GEE,2,brown,confirmed,https://www.geelongcats.com.au/teams/afl
Oliver,Dempsey,2003-01-07,GEE,1,blond,confirmed,https://www.geelongcats.com.au/teams/afl
James,Worpel,1999-01-24,GEE,2,light_brown,confirmed,https://www.geelongcats.com.au/teams/afl
Tom,Atkins,1995-09-18,GEE,2,brown,confirmed,https://www.geelongcats.com.au/teams/afl
Gryan,Miers,1999-03-30,GEE,2,dark_brown,confirmed,https://www.geelongcats.com.au/teams/afl
Shannon,Neale,2002-07-25,GEE,2,dark_brown,confirmed,https://www.geelongcats.com.au/teams/afl
Oisin,Mullin,2000-02-11,GEE,2,dark_brown,confirmed,https://www.geelongcats.com.au/teams/afl
Patrick,Dangerfield,1990-04-05,GEE,2,light_brown,confirmed,https://www.geelongcats.com.au/teams/afl
Oliver,Henry,2002-07-29,GEE,2,dark_brown,confirmed,https://www.geelongcats.com.au/teams/afl
Jack,Henry,1998-08-29,GEE,2,dark_brown,confirmed,https://www.geelongcats.com.au/teams/afl
Zach,Guthrie,1998-06-30,GEE,2,light_brown,confirmed,https://www.geelongcats.com.au/teams/afl
Mark,OConnor,1997-01-17,GEE,2,dark_brown,confirmed,https://www.geelongcats.com.au/teams/afl
Tom,Stewart,1993-03-15,GEE,2,light_brown,confirmed,https://www.geelongcats.com.au/teams/afl
Brad,Close,1998-07-30,GEE,2,black,confirmed,https://www.geelongcats.com.au/teams/afl
Mark,Blicavs,1991-03-28,GEE,2,blond,confirmed,https://www.geelongcats.com.au/teams/afl
Mac,Andrew,2003-12-04,GCS,6,black,confirmed,https://www.goldcoastfc.com.au/teams/afl/players
John,Noble,1997-03-25,GCS,2,red,confirmed,https://www.goldcoastfc.com.au/teams/afl/players
Christian,Petracca,1996-01-04,GCS,2,black,confirmed,https://www.goldcoastfc.com.au/teams/afl/players
Jed,Walter,2005-06-08,GCS,2,light_brown,confirmed,https://www.goldcoastfc.com.au/teams/afl/players
Alex,Davies,2002-03-18,GCS,2,black,confirmed,https://www.goldcoastfc.com.au/teams/afl/players
Bodhi,Uwland,2003-07-25,GCS,1,blond,confirmed,https://www.goldcoastfc.com.au/teams/afl/players
Nick,Holman,1995-05-29,GCS,2,brown,confirmed,https://www.goldcoastfc.com.au/teams/afl/players
Leo,Lombard,2006-10-05,GCS,4,black,confirmed,https://www.goldcoastfc.com.au/teams/afl/players
Jamarra,Ugle-Hagan,2002-04-04,GCS,4,black,confirmed,https://www.goldcoastfc.com.au/teams/afl/players
Charlie,Ballard,1999-07-23,GCS,2,brown,confirmed,https://www.goldcoastfc.com.au/teams/afl/players
Touk,Miller,1996-02-22,GCS,5,black,confirmed,https://www.goldcoastfc.com.au/teams/afl/players
Lachie,Weller,1996-02-23,GCS,2,dark_brown,confirmed,https://www.goldcoastfc.com.au/teams/afl/players
Noah,Anderson,2001-02-17,GCS,2,light_brown,confirmed,https://www.goldcoastfc.com.au/teams/afl/players
Joel,Jeffrey,2002-03-12,GCS,3,black,confirmed,https://www.goldcoastfc.com.au/teams/afl/players
Daniel,Rioli,1997-04-16,GCS,3,black,confirmed,https://www.goldcoastfc.com.au/teams/afl/players
Matt,Rowell,2001-07-01,GCS,2,red,confirmed,https://www.goldcoastfc.com.au/teams/afl/players
Bailey,Humphrey,2004-09-11,GCS,1,blond,confirmed,https://www.goldcoastfc.com.au/teams/afl/players
Ethan,Read,2005-07-07,GCS,2,light_brown,confirmed,https://www.goldcoastfc.com.au/teams/afl/players
Ben,Long,1997-08-21,GCS,4,black,confirmed,https://www.goldcoastfc.com.au/teams/afl/players
Ned,Moyle,2002-02-15,GCS,2,dark_brown,confirmed,https://www.goldcoastfc.com.au/teams/afl/players
Sam,Collins,1994-06-15,GCS,2,red,confirmed,https://www.goldcoastfc.com.au/teams/afl/players
Will,Graham,2005-07-27,GCS,2,brown,confirmed,https://www.goldcoastfc.com.au/teams/afl/players
Wil,Powell,1999-08-26,GCS,2,dark_brown,confirmed,https://www.goldcoastfc.com.au/teams/afl/players
Jarrod,Witts,1992-09-13,GCS,2,dark_brown,confirmed,https://www.goldcoastfc.com.au/teams/afl/players
Jake,Rogers,2005-03-02,GCS,3,black,confirmed,https://www.goldcoastfc.com.au/teams/afl/players
Dylan,Patterson,2007-09-01,GCS,4,black,confirmed,https://www.goldcoastfc.com.au/teams/afl/players
Zeke,Uwland,2007-04-24,GCS,1,blond,confirmed,https://www.goldcoastfc.com.au/teams/afl/players
Sam,Clohesy,2002-12-12,GCS,2,light_brown,confirmed,https://www.goldcoastfc.com.au/teams/afl/players
Ben,King,2000-07-07,GCS,2,dark_brown,confirmed,https://www.goldcoastfc.com.au/teams/afl/players
Jai,Murray,2007-03-09,GCS,2,light_brown,confirmed,https://www.goldcoastfc.com.au/teams/afl/players
Beau,Addinsall,2007-03-09,GCS,2,dark_brown,confirmed,https://www.goldcoastfc.com.au/teams/afl/players
Lachlan,Gulbin,2006-11-24,GCS,2,brown,confirmed,https://www.goldcoastfc.com.au/teams/afl/players
Ben,Jepson,2001-10-10,GCS,2,dark_brown,confirmed,https://www.goldcoastfc.com.au/teams/afl/players
Caleb,Lewis,2003-09-29,GCS,2,light_brown,confirmed,https://www.goldcoastfc.com.au/teams/afl/players
Oscar,Adams,2003-07-23,GCS,2,dark_brown,confirmed,https://www.goldcoastfc.com.au/teams/afl/players
Jy,Farrar,1996-12-07,GCS,2,brown,confirmed,https://www.goldcoastfc.com.au/teams/afl/players
Harvey,Thomas,2005-08-08,GWS,2,light_brown,confirmed,https://www.gwsgiants.com.au/teams/afl
Stephen,Coniglio,1993-12-15,GWS,2,dark_brown,confirmed,https://www.gwsgiants.com.au/teams/afl
Toby,Greene,1993-09-25,GWS,2,dark_brown,confirmed,https://www.gwsgiants.com.au/teams/afl
Aaron,Cadman,2004-03-03,GWS,2,dark_brown,confirmed,https://www.gwsgiants.com.au/teams/afl
Lachie,Whitfield,1994-07-18,GWS,2,light_brown,confirmed,https://www.gwsgiants.com.au/teams/afl
Lachie,Ash,2001-06-21,GWS,2,black,confirmed,https://www.gwsgiants.com.au/teams/afl
Ryan,Angwin,2002-12-12,GWS,2,light_brown,confirmed,https://www.gwsgiants.com.au/teams/afl
Clayton,Oliver,1997-07-22,GWS,2,light_brown,confirmed,https://www.gwsgiants.com.au/teams/afl
Phoenix,Gothard,2005-09-07,GWS,2,dark_brown,confirmed,https://www.gwsgiants.com.au/teams/afl
Oliver,Hannaford,2006-09-01,GWS,2,brown,confirmed,https://www.gwsgiants.com.au/teams/afl
Toby,Bedford,2000-05-27,GWS,3,black,confirmed,https://www.gwsgiants.com.au/teams/afl
Sam,Taylor,1999-05-05,GWS,2,dark_brown,confirmed,https://www.gwsgiants.com.au/teams/afl
Brent,Daniels,1999-03-09,GWS,2,dark_brown,confirmed,https://www.gwsgiants.com.au/teams/afl
Finn,Callaghan,2003-04-26,GWS,2,dark_brown,confirmed,https://www.gwsgiants.com.au/teams/afl
Conor,Stone,2002-04-22,GWS,2,dark_brown,confirmed,https://www.gwsgiants.com.au/teams/afl
Harrison,Oliver,2006-06-15,GWS,2,dark_brown,confirmed,https://www.gwsgiants.com.au/teams/afl
Jake,Stringer,1994-04-25,GWS,2,dark_brown,confirmed,https://www.gwsgiants.com.au/teams/afl
Leek,Aleer,2001-08-21,GWS,6,black,confirmed,https://www.gwsgiants.com.au/teams/afl
Jesse,Hogan,1995-02-12,GWS,2,dark_brown,confirmed,https://www.gwsgiants.com.au/teams/afl
Harry,Rowston,2004-08-12,GWS,2,brown,confirmed,https://www.gwsgiants.com.au/teams/afl
Jayden,Laverde,1996-04-12,GWS,2,brown,confirmed,https://www.gwsgiants.com.au/teams/afl
Jake,Riccardi,1999-11-07,GWS,3,black,confirmed,https://www.gwsgiants.com.au/teams/afl
Harry,Himmelberg,1996-05-08,GWS,2,dark_brown,confirmed,https://www.gwsgiants.com.au/teams/afl
Jack,Ough,2006-12-15,GWS,2,dark_brown,confirmed,https://www.gwsgiants.com.au/teams/afl
Cody,Angove,2006-05-28,GWS,2,light_brown,confirmed,https://www.gwsgiants.com.au/teams/afl
James,Leake,2005-10-02,GWS,2,dark_brown,confirmed,https://www.gwsgiants.com.au/teams/afl
Toby,McMullin,2004-08-06,GWS,2,dark_brown,confirmed,https://www.gwsgiants.com.au/teams/afl
Kieren,Briggs,1999-10-06,GWS,2,dark_brown,confirmed,https://www.gwsgiants.com.au/teams/afl
Xavier,OHalloran,2000-07-11,GWS,2,dark_brown,confirmed,https://www.gwsgiants.com.au/teams/afl
Max,Gruzewski,2004-07-21,GWS,2,light_brown,confirmed,https://www.gwsgiants.com.au/teams/afl
Joe,Fonti,2004-12-24,GWS,2,black,confirmed,https://www.gwsgiants.com.au/teams/afl
Josaia,Delana,2006-07-01,GWS,4,black,confirmed,https://www.gwsgiants.com.au/teams/afl
Connor,Idun,2000-07-29,GWS,5,black,confirmed,https://www.gwsgiants.com.au/teams/afl
Nick,Madden,2004-05-17,GWS,3,black,confirmed,https://www.gwsgiants.com.au/teams/afl
Riley,Hamilton,2006-08-15,GWS,2,black,confirmed,https://www.gwsgiants.com.au/teams/afl
Jack,Buckley,1997-12-17,GWS,2,dark_brown,confirmed,https://www.gwsgiants.com.au/teams/afl
Callum,Brown,2000-08-15,GWS,4,blond,confirmed,https://www.gwsgiants.com.au/teams/afl
Harry,Morrison,1998-11-12,HAW,2,light_brown,confirmed,https://www.hawthornfc.com.au/teams/afl
Mitch,Lewis,1998-10-14,HAW,2,dark_brown,confirmed,https://www.hawthornfc.com.au/teams/afl
Jai,Newcombe,2001-08-02,HAW,2,dark_brown,confirmed,https://www.hawthornfc.com.au/teams/afl
Jarman,Impey,1995-07-09,HAW,4,black,confirmed,https://www.hawthornfc.com.au/teams/afl
Nick,Watson,2005-02-24,HAW,2,dark_brown,confirmed,https://www.hawthornfc.com.au/teams/afl
James,Sicily,1995-01-06,HAW,2,light_brown,confirmed,https://www.hawthornfc.com.au/teams/afl
Ned,Reeves,1998-10-31,HAW,2,dark_brown,confirmed,https://www.hawthornfc.com.au/teams/afl
Dylan,Moore,1999-08-04,HAW,2,light_brown,confirmed,https://www.hawthornfc.com.au/teams/afl
Connor,Macdonald,2003-01-13,HAW,2,dark_brown,confirmed,https://www.hawthornfc.com.au/teams/afl
Karl,Amon,1995-08-19,HAW,3,black,confirmed,https://www.hawthornfc.com.au/teams/afl
Conor,Nash,1998-07-28,HAW,2,dark_brown,confirmed,https://www.hawthornfc.com.au/teams/afl
Will,Day,2001-06-05,HAW,2,brown,confirmed,https://www.hawthornfc.com.au/teams/afl
Calsher,Dear,2005-08-04,HAW,2,light_brown,confirmed,https://www.hawthornfc.com.au/teams/afl
Jack,Scrimshaw,1998-09-04,HAW,2,dark_brown,confirmed,https://www.hawthornfc.com.au/teams/afl
Blake,Hardwick,1997-02-05,HAW,2,dark_brown,confirmed,https://www.hawthornfc.com.au/teams/afl
Massimo,DAmbrosio,2003-06-05,HAW,2,dark_brown,confirmed,https://www.hawthornfc.com.au/teams/afl
Lloyd,Meek,1998-04-22,HAW,2,dark_brown,confirmed,https://www.hawthornfc.com.au/teams/afl
Mabior,Chol,1997-01-29,HAW,6,black,confirmed,https://www.hawthornfc.com.au/teams/afl
Jack,Gunston,1991-10-16,HAW,2,dark_brown,confirmed,https://www.hawthornfc.com.au/teams/afl
Finn,Maginness,2001-02-23,HAW,2,dark_brown,confirmed,https://www.hawthornfc.com.au/teams/afl
Noah,Mraz,2006-02-20,HAW,1,light_brown,confirmed,https://www.hawthornfc.com.au/teams/afl
Cameron,Nairn,2007-10-15,HAW,2,brown,confirmed,https://www.hawthornfc.com.au/teams/afl
Josh,Weddle,2004-05-25,HAW,2,brown,confirmed,https://www.hawthornfc.com.au/teams/afl
Josh,Battle,1998-09-01,HAW,2,dark_brown,confirmed,https://www.hawthornfc.com.au/teams/afl
Josh,Ward,2003-08-17,HAW,2,dark_brown,confirmed,https://www.hawthornfc.com.au/teams/afl
Bodie,Ryan,2005-04-20,HAW,1,blond,confirmed,https://www.hawthornfc.com.au/teams/afl
Will,McCabe,2005-09-29,HAW,2,black,confirmed,https://www.hawthornfc.com.au/teams/afl
Cam,Mackenzie,2004-01-21,HAW,2,light_brown,confirmed,https://www.hawthornfc.com.au/teams/afl
Aidan,Schubert,2007-12-21,HAW,2,light_brown,confirmed,https://www.hawthornfc.com.au/teams/afl
Sam,Butler,2003-02-10,HAW,2,dark_brown,confirmed,https://www.hawthornfc.com.au/teams/afl
Jack,Ginnivan,2002-12-09,HAW,2,light_brown,confirmed,https://www.hawthornfc.com.au/teams/afl
Jack,Dalton,2007-04-05,HAW,2,light_brown,confirmed,https://www.hawthornfc.com.au/teams/afl
Ollie,Greeves,2007-02-07,HAW,2,light_brown,confirmed,https://www.hawthornfc.com.au/teams/afl
Tom,Barrass,1995-10-08,HAW,2,black,confirmed,https://www.hawthornfc.com.au/teams/afl
Max,Ramsden,2003-04-19,HAW,2,dark_brown,confirmed,https://www.hawthornfc.com.au/teams/afl
Flynn,Perez,2001-08-25,HAW,2,dark_brown,confirmed,https://www.hawthornfc.com.au/teams/afl
Max,Beattie,2003-11-18,HAW,2,light_brown,confirmed,https://www.hawthornfc.com.au/teams/afl
Matt,Hill,2004-01-01,HAW,4,black,confirmed,https://www.hawthornfc.com.au/teams/afl
Bailey,Macdonald,2004-08-04,HAW,2,light_brown,confirmed,https://www.hawthornfc.com.au/teams/afl
Henry,Hustwaite,2004-07-20,HAW,2,dark_brown,confirmed,https://www.hawthornfc.com.au/teams/afl
Jacob,van Rooyen,2003-04-16,MEL,1,blond,confirmed,https://www.melbournefc.com.au/teams/afl
Christian,Salem,1995-07-15,MEL,3,black,confirmed,https://www.melbournefc.com.au/teams/afl
Harvey,Langford,2006-03-15,MEL,2,brown,confirmed,https://www.melbournefc.com.au/teams/afl
Xavier,Lindsay,2006-08-03,MEL,2,dark_brown,confirmed,https://www.melbournefc.com.au/teams/afl
Caleb,Windsor,2005-06-09,MEL,2,brown,confirmed,https://www.melbournefc.com.au/teams/afl
Jack,Viney,1994-04-13,MEL,2,dark_brown,confirmed,https://www.melbournefc.com.au/teams/afl
Jake,Lever,1996-03-05,MEL,2,dark_brown,confirmed,https://www.melbournefc.com.au/teams/afl
Jack,Steele,1995-12-13,MEL,2,dark_brown,confirmed,https://www.melbournefc.com.au/teams/afl
Daniel,Turner,2002-01-28,MEL,2,light_brown,confirmed,https://www.melbournefc.com.au/teams/afl
Max,Gawn,1991-12-30,MEL,2,red,confirmed,https://www.melbournefc.com.au/teams/afl
Koltyn,Tholstrup,2005-06-28,MEL,2,brown,confirmed,https://www.melbournefc.com.au/teams/afl
Jai,Culley,2003-02-24,MEL,2,light_brown,confirmed,https://www.melbournefc.com.au/teams/afl
Changkuoth,Jiath,1999-06-13,MEL,6,black,confirmed,https://www.melbournefc.com.au/teams/afl
Ed,Langdon,1996-02-01,MEL,2,dark_brown,confirmed,https://www.melbournefc.com.au/teams/afl
Bailey,Laurie,2002-03-24,MEL,2,light_brown,confirmed,https://www.melbournefc.com.au/teams/afl
Jake,Bowey,2002-09-12,MEL,2,red,confirmed,https://www.melbournefc.com.au/teams/afl
Jake,Melksham,1991-08-29,MEL,2,dark_brown,confirmed,https://www.melbournefc.com.au/teams/afl
Xavier,Taylor,2007-01-30,MEL,2,dark_brown,confirmed,https://www.melbournefc.com.au/teams/afl
Matthew,Jefferson,2004-03-08,MEL,2,brown,confirmed,https://www.melbournefc.com.au/teams/afl
Blake,Howes,2003-04-07,MEL,2,dark_brown,confirmed,https://www.melbournefc.com.au/teams/afl
Trent,Rivers,2001-07-30,MEL,2,light_brown,confirmed,https://www.melbournefc.com.au/teams/afl
Tom,McDonald,1992-09-18,MEL,2,light_brown,confirmed,https://www.melbournefc.com.au/teams/afl
Max,Heath,2002-10-24,MEL,2,light_brown,confirmed,https://www.melbournefc.com.au/teams/afl
Brody,Mihocek,1993-02-04,MEL,2,brown,confirmed,https://www.melbournefc.com.au/teams/afl
Harry,Sharp,2002-12-17,MEL,2,light_brown,confirmed,https://www.melbournefc.com.au/teams/afl
Bayley,Fritsch,1996-12-06,MEL,2,brown,confirmed,https://www.melbournefc.com.au/teams/afl
Tom,Sparrow,2000-05-31,MEL,2,dark_brown,confirmed,https://www.melbournefc.com.au/teams/afl
Latrelle,Pickett,2005-12-28,MEL,5,black,confirmed,https://www.melbournefc.com.au/teams/afl
Harry,Petty,1999-11-12,MEL,2,light_brown,confirmed,https://www.melbournefc.com.au/teams/afl
Kysaiah,Pickett,2001-06-02,MEL,5,black,confirmed,https://www.melbournefc.com.au/teams/afl
Kade,Chandler,2000-01-13,MEL,2,light_brown,confirmed,https://www.melbournefc.com.au/teams/afl
Paddy,Cross,2003-02-14,MEL,2,dark_brown,confirmed,https://www.melbournefc.com.au/teams/afl
Aidan,Johnson,2000-03-09,MEL,2,light_brown,confirmed,https://www.melbournefc.com.au/teams/afl
Luker,Kentfield,2005-09-10,MEL,2,brown,confirmed,https://www.melbournefc.com.au/teams/afl
Andy,Moniz-Wakefield,2003-10-26,MEL,3,black,confirmed,https://www.melbournefc.com.au/teams/afl
Lukas,Cooke,2003-09-26,MEL,2,light_brown,confirmed,https://www.melbournefc.com.au/teams/afl
Joel,Fitzgerald,2003-08-08,MEL,2,light_brown,confirmed,https://www.melbournefc.com.au/teams/afl
Lachy,Dovaston,2007-05-29,NTH,2,dark_brown,confirmed,https://www.nmfc.com.au/teams/afl/players
Finn,OSullivan,2006-05-30,NTH,2,light_brown,confirmed,https://www.nmfc.com.au/teams/afl/players
Harry,Sheezel,2004-10-13,NTH,2,dark_brown,confirmed,https://www.nmfc.com.au/teams/afl/players
Aidan,Corr,1994-05-17,NTH,2,red,confirmed,https://www.nmfc.com.au/teams/afl/players
Caleb,Daniel,1996-07-07,NTH,2,brown,confirmed,https://www.nmfc.com.au/teams/afl/players
George,Wardlaw,2004-06-11,NTH,2,brown,confirmed,https://www.nmfc.com.au/teams/afl/players
Zane,Duursma,2005-08-28,NTH,2,brown,confirmed,https://www.nmfc.com.au/teams/afl/players
Bailey,Scott,2000-07-09,NTH,2,brown,confirmed,https://www.nmfc.com.au/teams/afl/players
Luke,Davies-Uniacke,1999-06-08,NTH,2,dark_brown,confirmed,https://www.nmfc.com.au/teams/afl/players
Colby,McKercher,2005-04-12,NTH,2,dark_brown,confirmed,https://www.nmfc.com.au/teams/afl/players
Luke,McDonald,1995-02-09,NTH,2,brown,confirmed,https://www.nmfc.com.au/teams/afl/players
Jy,Simpkin,1998-03-05,NTH,2,dark_brown,confirmed,https://www.nmfc.com.au/teams/afl/players
Charlie,Spargo,1999-11-25,NTH,2,blond,confirmed,https://www.nmfc.com.au/teams/afl/players
Dylan,Stephens,2001-01-08,NTH,1,blond,confirmed,https://www.nmfc.com.au/teams/afl/players
Zac,Fisher,1998-06-15,NTH,3,black,confirmed,https://www.nmfc.com.au/teams/afl/players
Riley,Hardeman,2005-02-27,NTH,2,light_brown,confirmed,https://www.nmfc.com.au/teams/afl/players
Wil,Dawson,2005-12-20,NTH,2,dark_brown,confirmed,https://www.nmfc.com.au/teams/afl/players
Griffin,Logue,1998-04-13,NTH,2,dark_brown,confirmed,https://www.nmfc.com.au/teams/afl/players
Nick,Larkey,1998-06-06,NTH,2,dark_brown,confirmed,https://www.nmfc.com.au/teams/afl/players
Callum,Coleman-Jones,1999-06-13,NTH,2,dark_brown,confirmed,https://www.nmfc.com.au/teams/afl/players
Taylor,Goad,2005-04-28,NTH,2,brown,confirmed,https://www.nmfc.com.au/teams/afl/players
Tom,Powell,2002-03-02,NTH,2,brown,confirmed,https://www.nmfc.com.au/teams/afl/players
Paul,Curtis,2003-03-04,NTH,4,black,confirmed,https://www.nmfc.com.au/teams/afl/players
Luke,Parker,1992-10-25,NTH,2,light_brown,confirmed,https://www.nmfc.com.au/teams/afl/players
Jack,Darling,1992-06-13,NTH,2,dark_brown,confirmed,https://www.nmfc.com.au/teams/afl/players
Charlie,Comben,2001-07-20,NTH,2,dark_brown,confirmed,https://www.nmfc.com.au/teams/afl/players
Josh,Goater,2003-06-02,NTH,2,light_brown,confirmed,https://www.nmfc.com.au/teams/afl/players
Toby,Pink,1998-08-11,NTH,2,light_brown,confirmed,https://www.nmfc.com.au/teams/afl/players
Matt,Whitlock,2006-05-16,NTH,2,light_brown,confirmed,https://www.nmfc.com.au/teams/afl/players
Cooper,Harvey,2004-07-12,NTH,2,dark_brown,confirmed,https://www.nmfc.com.au/teams/afl/players
Tristan,Xerri,1999-03-15,NTH,2,dark_brown,confirmed,https://www.nmfc.com.au/teams/afl/players
Tom,Blamires,2002-08-13,NTH,2,light_brown,confirmed,https://www.nmfc.com.au/teams/afl/players
Jacob,Konstanty,2004-11-09,NTH,2,dark_brown,confirmed,https://www.nmfc.com.au/teams/afl/players
Cameron,Zurhaar,1998-05-22,NTH,2,dark_brown,confirmed,https://www.nmfc.com.au/teams/afl/players
Zac,Banch,2003-07-21,NTH,2,dark_brown,confirmed,https://www.nmfc.com.au/teams/afl/players
Cooper,Trembath,2005-10-17,NTH,3,black,confirmed,https://www.nmfc.com.au/teams/afl/players
Connor,Rozee,2000-01-22,PAD,2,dark_brown,confirmed,https://www.portadelaidefc.com.au/teams/afl
Jackson,Mead,2001-09-30,PAD,2,brown,confirmed,https://www.portadelaidefc.com.au/teams/afl
Todd,Marshall,1998-10-08,PAD,2,light_brown,confirmed,https://www.portadelaidefc.com.au/teams/afl
Joe,Berry,2006-04-18,PAD,2,dark_brown,confirmed,https://www.portadelaidefc.com.au/teams/afl
Kane,Farrell,1999-03-17,PAD,2,light_brown,confirmed,https://www.portadelaidefc.com.au/teams/afl
Jase,Burgoyne,2003-07-15,PAD,4,black,confirmed,https://www.portadelaidefc.com.au/teams/afl
Zak,Butters,2000-09-08,PAD,2,dark_brown,confirmed,https://www.portadelaidefc.com.au/teams/afl
Christian,Moraes,2006-11-08,PAD,2,dark_brown,confirmed,https://www.portadelaidefc.com.au/teams/afl
Jack,Lukosius,2000-08-09,PAD,2,light_brown,confirmed,https://www.portadelaidefc.com.au/teams/afl
Miles,Bergman,2001-10-18,PAD,2,light_brown,confirmed,https://www.portadelaidefc.com.au/teams/afl
Jacob,Wehr,1998-07-05,PAD,2,dark_brown,confirmed,https://www.portadelaidefc.com.au/teams/afl
Ollie,Wines,1994-10-07,PAD,2,brown,confirmed,https://www.portadelaidefc.com.au/teams/afl
Jack,Whitlock,2006-05-16,PAD,2,brown,confirmed,https://www.portadelaidefc.com.au/teams/afl
Jason,Horne-Francis,2003-06-21,PAD,2,light_brown,confirmed,https://www.portadelaidefc.com.au/teams/afl
Mitch,Georgiades,2001-09-28,PAD,2,light_brown,confirmed,https://www.portadelaidefc.com.au/teams/afl
Aliir,Aliir,1994-09-05,PAD,6,black,confirmed,https://www.portadelaidefc.com.au/teams/afl
Logan,Evans,2005-10-07,PAD,2,dark_brown,confirmed,https://www.portadelaidefc.com.au/teams/afl
Will,Brodie,1998-08-23,PAD,2,brown,confirmed,https://www.portadelaidefc.com.au/teams/afl
Jordon,Sweet,1998-02-02,PAD,2,dark_brown,confirmed,https://www.portadelaidefc.com.au/teams/afl
Brandon,Zerk-Thatcher,1998-08-25,PAD,2,dark_brown,confirmed,https://www.portadelaidefc.com.au/teams/afl
Tom,Cochrane,2006-01-27,PAD,2,dark_brown,confirmed,https://www.portadelaidefc.com.au/teams/afl
Esava,Ratugolea,1998-07-24,PAD,5,black,confirmed,https://www.portadelaidefc.com.au/teams/afl
Willem,Drew,1998-10-01,PAD,2,light_brown,confirmed,https://www.portadelaidefc.com.au/teams/afl
Tom,Anastasopoulos,2005-05-31,PAD,2,black,confirmed,https://www.portadelaidefc.com.au/teams/afl
Ollie,Lord,2002-01-02,PAD,2,dark_brown,confirmed,https://www.portadelaidefc.com.au/teams/afl
Ewan,Mackinlay,2003-07-18,PAD,2,light_brown,confirmed,https://www.portadelaidefc.com.au/teams/afl
Harrison,Ramm,2006-12-05,PAD,2,dark_brown,confirmed,https://www.portadelaidefc.com.au/teams/afl
Darcy,Byrne-Jones,1995-09-20,PAD,2,dark_brown,confirmed,https://www.portadelaidefc.com.au/teams/afl
Lachie,Jones,2002-04-09,PAD,2,dark_brown,confirmed,https://www.portadelaidefc.com.au/teams/afl
Joe,Richards,1999-11-23,PAD,2,light_brown,confirmed,https://www.portadelaidefc.com.au/teams/afl
Will,Lorenz,2005-02-19,PAD,2,light_brown,confirmed,https://www.portadelaidefc.com.au/teams/afl
Jack,Watkins,2000-12-18,PAD,2,dark_brown,confirmed,https://www.portadelaidefc.com.au/teams/afl
Dante,Visentini,2003-02-13,PAD,2,dark_brown,confirmed,https://www.portadelaidefc.com.au/teams/afl
Mitch,Zadow,2004-03-11,PAD,2,light_brown,confirmed,https://www.portadelaidefc.com.au/teams/afl
Balyn,OBrien,2007-01-26,PAD,1,blond,confirmed,https://www.portadelaidefc.com.au/teams/afl
Josh,Lai,2005-10-01,PAD,2,black,confirmed,https://www.portadelaidefc.com.au/teams/afl
Corey,Durdin,2002-04-14,PAD,2,dark_brown,confirmed,https://www.portadelaidefc.com.au/teams/afl
Xavier,Bamert,2007-01-29,PAD,2,dark_brown,confirmed,https://www.portadelaidefc.com.au/teams/afl
Alex,Van Wyk,2004-07-01,PAD,1,blond,confirmed,https://www.portadelaidefc.com.au/teams/afl
Nick,Vlastuin,1994-04-19,RIC,2,red,confirmed,https://www.richmondfc.com.au/football/afl/squad
Jacob,Hopper,1997-02-06,RIC,2,dark_brown,confirmed,https://www.richmondfc.com.au/football/afl/squad
Dion,Prestia,1992-10-12,RIC,2,dark_brown,confirmed,https://www.richmondfc.com.au/football/afl/squad
Sam,Lalor,2006-08-30,RIC,2,light_brown,confirmed,https://www.richmondfc.com.au/football/afl/squad
Jack,Ross,2000-09-03,RIC,2,dark_brown,confirmed,https://www.richmondfc.com.au/football/afl/squad
Sam,Banks,2003-04-02,RIC,2,light_brown,confirmed,https://www.richmondfc.com.au/football/afl/squad
Rhyan,Mansell,2000-06-04,RIC,2,dark_brown,confirmed,https://www.richmondfc.com.au/football/afl/squad
Jonty,Faull,2006-02-01,RIC,2,dark_brown,confirmed,https://www.richmondfc.com.au/football/afl/squad
Taj,Hotton,2006-06-17,RIC,2,dark_brown,confirmed,https://www.richmondfc.com.au/football/afl/squad
Luke,Trainor,2006-04-10,RIC,2,brown,confirmed,https://www.richmondfc.com.au/football/afl/squad
Ben,Miller,1999-08-31,RIC,2,light_brown,confirmed,https://www.richmondfc.com.au/football/afl/squad
Hugo,Ralphsmith,2001-11-09,RIC,2,red,confirmed,https://www.richmondfc.com.au/football/afl/squad
Tim,Taranto,1998-01-28,RIC,2,dark_brown,confirmed,https://www.richmondfc.com.au/football/afl/squad
Jayden,Short,1996-01-24,RIC,2,dark_brown,confirmed,https://www.richmondfc.com.au/football/afl/squad
Maurice,Rioli,2002-09-01,RIC,5,black,confirmed,https://www.richmondfc.com.au/football/afl/squad
Josh,Gibcus,2003-04-04,RIC,2,black,confirmed,https://www.richmondfc.com.au/football/afl/squad
Tom,Lynch,1992-10-31,RIC,2,light_brown,confirmed,https://www.richmondfc.com.au/football/afl/squad
Noah,Balta,1999-10-23,RIC,2,light_brown,confirmed,https://www.richmondfc.com.au/football/afl/squad
Sam,Cumming,2007-07-27,RIC,2,dark_brown,confirmed,https://www.richmondfc.com.au/football/afl/squad
Judson,Clarke,2003-10-17,RIC,2,dark_brown,confirmed,https://www.richmondfc.com.au/football/afl/squad
Sam,Grlj,2007-07-26,RIC,2,dark_brown,confirmed,https://www.richmondfc.com.au/football/afl/squad
Toby,Nankervis,1994-08-12,RIC,2,dark_brown,confirmed,https://www.richmondfc.com.au/football/afl/squad
Zane,Peucker,2007-12-04,RIC,2,light_brown,confirmed,https://www.richmondfc.com.au/football/afl/squad
Noah,Roberts-Thomson,2007-03-29,RIC,2,dark_brown,confirmed,https://www.richmondfc.com.au/football/afl/squad
Kane,McAuliffe,2005-03-01,RIC,2,brown,confirmed,https://www.richmondfc.com.au/football/afl/squad
Jasper,Alger,2006-12-17,RIC,2,dark_brown,confirmed,https://www.richmondfc.com.au/football/afl/squad
Tom,Brown,2003-07-30,RIC,2,light_brown,confirmed,https://www.richmondfc.com.au/football/afl/squad
Samson,Ryan,2000-12-09,RIC,2,black,confirmed,https://www.richmondfc.com.au/football/afl/squad
Patrick,Retschko,2006-02-28,RIC,2,dark_brown,confirmed,https://www.richmondfc.com.au/football/afl/squad
Harry,Armstrong,2006-06-14,RIC,2,dark_brown,confirmed,https://www.richmondfc.com.au/football/afl/squad
Nathan,Broad,1993-04-15,RIC,2,light_brown,confirmed,https://www.richmondfc.com.au/football/afl/squad
James,Trezise,2002-06-15,RIC,2,light_brown,confirmed,https://www.richmondfc.com.au/football/afl/squad
Tyler,Sonsie,2003-01-27,RIC,2,dark_brown,confirmed,https://www.richmondfc.com.au/football/afl/squad
Kye,Annand,2003-10-14,RIC,2,light_brown,confirmed,https://www.richmondfc.com.au/football/afl/squad
Mykelti,Lefau,1998-06-22,RIC,4,black,confirmed,https://www.richmondfc.com.au/football/afl/squad
Liam,Fawcett,2005-04-22,RIC,2,brown,confirmed,https://www.richmondfc.com.au/football/afl/squad
Seth,Campbell,2004-12-29,RIC,2,dark_brown,confirmed,https://www.richmondfc.com.au/football/afl/squad
Tom,Burton,2007-01-09,RIC,2,dark_brown,confirmed,https://www.richmondfc.com.au/football/afl/squad
Oliver,Hayes-Brown,2000-04-28,RIC,2,dark_brown,confirmed,https://www.richmondfc.com.au/football/afl/squad
Steely,Green,2004-01-09,RIC,2,dark_brown,confirmed,https://www.richmondfc.com.au/football/afl/squad
Campbell,Gray,2003-09-01,RIC,2,brown,confirmed,https://www.richmondfc.com.au/football/afl/squad
Jack,Higgins,1999-03-19,STK,2,light_brown,confirmed,https://www.saints.com.au/afl/squad
Marcus,Windhager,2003-05-16,STK,2,dark_brown,confirmed,https://www.saints.com.au/afl/squad
Jack,Silvagni,1997-12-17,STK,2,dark_brown,confirmed,https://www.saints.com.au/afl/squad
Tobie,Travaglia,2006-10-26,STK,1,red,confirmed,https://www.saints.com.au/afl/squad
Jack,Macrae,1994-08-03,STK,2,light_brown,confirmed,https://www.saints.com.au/afl/squad
Nasiah,Wanganeen-Milera,2003-02-22,STK,4,black,confirmed,https://www.saints.com.au/afl/squad
Bradley,Hill,1993-07-09,STK,4,black,confirmed,https://www.saints.com.au/afl/squad
Sam,Flanders,2001-07-24,STK,2,light_brown,confirmed,https://www.saints.com.au/afl/squad
Mitch,Owens,2003-09-24,STK,2,dark_brown,confirmed,https://www.saints.com.au/afl/squad
Hunter,Clark,1999-03-26,STK,2,light_brown,confirmed,https://www.saints.com.au/afl/squad
Max,King,2000-07-07,STK,2,dark_brown,confirmed,https://www.saints.com.au/afl/squad
Ryan,Byrnes,2001-05-03,STK,2,light_brown,confirmed,https://www.saints.com.au/afl/squad
Liam,Stocker,2000-01-23,STK,2,dark_brown,confirmed,https://www.saints.com.au/afl/squad
Dan,Butler,1996-06-03,STK,2,dark_brown,confirmed,https://www.saints.com.au/afl/squad
Isaac,Keeler,2004-04-23,STK,3,dark_brown,confirmed,https://www.saints.com.au/afl/squad
Jack,Carroll,2002-12-20,STK,2,dark_brown,confirmed,https://www.saints.com.au/afl/squad
Rowan,Marshall,1995-11-24,STK,2,dark_brown,confirmed,https://www.saints.com.au/afl/squad
Dougal,Howard,1996-03-25,STK,2,light_brown,confirmed,https://www.saints.com.au/afl/squad
Tom,De Koning,1999-07-16,STK,1,blond,confirmed,https://www.saints.com.au/afl/squad
Darcy,Wilson,2005-08-18,STK,2,dark_brown,confirmed,https://www.saints.com.au/afl/squad
Liam,Henry,2001-08-28,STK,4,black,confirmed,https://www.saints.com.au/afl/squad
Angus,Hastie,2005-09-19,STK,2,light_brown,confirmed,https://www.saints.com.au/afl/squad
Mattaes,Phillipou,2004-12-27,STK,2,dark_brown,confirmed,https://www.saints.com.au/afl/squad
Alix,Tauru,2006-11-16,STK,1,blond,confirmed,https://www.saints.com.au/afl/squad
Liam,Ryan,1996-10-02,STK,5,black,confirmed,https://www.saints.com.au/afl/squad
Mason,Wood,1993-09-13,STK,2,light_brown,confirmed,https://www.saints.com.au/afl/squad
Hugo,Garcia,2005-05-22,STK,2,dark_brown,confirmed,https://www.saints.com.au/afl/squad
Jack,Sinclair,1995-02-12,STK,2,dark_brown,confirmed,https://www.saints.com.au/afl/squad
Charlie,Banfield,2007-07-18,STK,2,dark_brown,confirmed,https://www.saints.com.au/afl/squad
Hugh,Boxshall,2006-07-11,STK,2,brown,confirmed,https://www.saints.com.au/afl/squad
Campbell,Lake,2004-08-11,STK,2,blond,confirmed,https://www.saints.com.au/afl/squad
Max,Hall,2002-04-15,STK,2,black,confirmed,https://www.saints.com.au/afl/squad
Cooper,Sharman,2000-07-25,STK,2,dark_brown,confirmed,https://www.saints.com.au/afl/squad
Callum,Wilkie,1996-03-10,STK,2,light_brown,confirmed,https://www.saints.com.au/afl/squad
Liam,OConnell,2003-03-04,STK,2,light_brown,confirmed,https://www.saints.com.au/afl/squad
Anthony,Caminiti,2003-12-09,STK,2,black,confirmed,https://www.saints.com.au/afl/squad
Chad,Warner,2001-05-19,SYD,2,light_brown,confirmed,https://www.sydneyswans.com.au/teams/afl
Hayden,McLean,1999-01-20,SYD,2,dark_brown,confirmed,https://www.sydneyswans.com.au/teams/afl
Brodie,Grundy,1994-04-15,SYD,2,dark_brown,confirmed,https://www.sydneyswans.com.au/teams/afl
Isaac,Heeney,1996-05-05,SYD,1,blond,confirmed,https://www.sydneyswans.com.au/teams/afl
Logan,McDonald,2002-04-04,SYD,2,dark_brown,confirmed,https://www.sydneyswans.com.au/teams/afl
Harry,Cunningham,1993-12-06,SYD,2,dark_brown,confirmed,https://www.sydneyswans.com.au/teams/afl
James,Rowbottom,2000-09-19,SYD,2,light_brown,confirmed,https://www.sydneyswans.com.au/teams/afl
Jesse,Dattoli,2006-07-07,SYD,2,blond,confirmed,https://www.sydneyswans.com.au/teams/afl
Malcolm,Rosas,2001-06-27,SYD,4,black,confirmed,https://www.sydneyswans.com.au/teams/afl
Tom,Papley,1996-07-13,SYD,2,dark_brown,confirmed,https://www.sydneyswans.com.au/teams/afl
Angus,Sheldrick,2003-11-07,SYD,2,light_brown,confirmed,https://www.sydneyswans.com.au/teams/afl
Jai,Serong,2003-02-16,SYD,2,dark_brown,confirmed,https://www.sydneyswans.com.au/teams/afl
Callum,Mills,1997-04-02,SYD,2,light_brown,confirmed,https://www.sydneyswans.com.au/teams/afl
Sam,Wicks,1999-09-14,SYD,3,black,confirmed,https://www.sydneyswans.com.au/teams/afl
Braeden,Campbell,2002-02-04,SYD,2,light_brown,confirmed,https://www.sydneyswans.com.au/teams/afl
James,Jordon,2000-12-20,SYD,2,light_brown,confirmed,https://www.sydneyswans.com.au/teams/afl
Peter,Ladhams,1998-01-14,SYD,2,dark_brown,confirmed,https://www.sydneyswans.com.au/teams/afl
Errol,Gulden,2002-07-18,SYD,2,dark_brown,confirmed,https://www.sydneyswans.com.au/teams/afl
Nick,Blakey,2000-02-27,SYD,2,light_brown,confirmed,https://www.sydneyswans.com.au/teams/afl
Dane,Rampe,1990-06-02,SYD,2,dark_brown,confirmed,https://www.sydneyswans.com.au/teams/afl
Billy,Cootee,2002-12-18,SYD,2,dark_brown,confirmed,https://www.sydneyswans.com.au/teams/afl
Riley,Bice,2000-09-26,SYD,2,light_brown,confirmed,https://www.sydneyswans.com.au/teams/afl
Justin,McInerney,2000-08-18,SYD,2,dark_brown,confirmed,https://www.sydneyswans.com.au/teams/afl
Will,Edwards,2003-05-08,SYD,2,light_brown,confirmed,https://www.sydneyswans.com.au/teams/afl
Joel,Hamling,1993-04-09,SYD,2,dark_brown,confirmed,https://www.sydneyswans.com.au/teams/afl
Tom,McCartin,1999-12-30,SYD,2,dark_brown,confirmed,https://www.sydneyswans.com.au/teams/afl
Harry,Kyle,2007-07-16,SYD,2,dark_brown,confirmed,https://www.sydneyswans.com.au/teams/afl
Caiden,Cleary,2005-03-05,SYD,3,black,confirmed,https://www.sydneyswans.com.au/teams/afl
Matt,Roberts,2003-07-31,SYD,2,red,confirmed,https://www.sydneyswans.com.au/teams/afl
Charlie,Curnow,1997-02-03,SYD,2,dark_brown,confirmed,https://www.sydneyswans.com.au/teams/afl
Joel,Amartey,1999-09-02,SYD,4,black,confirmed,https://www.sydneyswans.com.au/teams/afl
Will,Green,2005-09-08,SYD,2,dark_brown,confirmed,https://www.sydneyswans.com.au/teams/afl
Corey,Warner,2003-10-07,SYD,2,light_brown,confirmed,https://www.sydneyswans.com.au/teams/afl
Tom,Hanily,2005-05-31,SYD,2,dark_brown,confirmed,https://www.sydneyswans.com.au/teams/afl
Lewis,Melican,1996-11-04,SYD,2,dark_brown,confirmed,https://www.sydneyswans.com.au/teams/afl
Jake,Lloyd,1993-09-20,SYD,2,dark_brown,confirmed,https://www.sydneyswans.com.au/teams/afl
Willem,Duursma,2007-06-21,WCE,2,light_brown,confirmed,https://www.westcoasteagles.com.au/teams/afl/players
Jake,Waterman,1998-05-06,WCE,2,dark_brown,confirmed,https://www.westcoasteagles.com.au/teams/afl/players
Liam,Baker,1998-01-27,WCE,2,brown,confirmed,https://www.westcoasteagles.com.au/teams/afl/players
Brandon,Starcevich,1999-07-24,WCE,2,light_brown,confirmed,https://www.westcoasteagles.com.au/teams/afl/players
Josh,Lindsay,2007-04-07,WCE,2,dark_brown,confirmed,https://www.westcoasteagles.com.au/teams/afl/players
Elliot,Yeo,1993-10-01,WCE,2,dark_brown,confirmed,https://www.westcoasteagles.com.au/teams/afl/players
Reuben,Ginbey,2004-09-10,WCE,1,blond,confirmed,https://www.westcoasteagles.com.au/teams/afl/players
Elijah,Hewett,2004-05-27,WCE,2,dark_brown,confirmed,https://www.westcoasteagles.com.au/teams/afl/players
Harley,Reid,2005-04-17,WCE,2,light_brown,confirmed,https://www.westcoasteagles.com.au/teams/afl/players
Tim,Kelly,1994-07-26,WCE,4,black,confirmed,https://www.westcoasteagles.com.au/teams/afl/players
Liam,Duggan,1996-12-11,WCE,2,dark_brown,confirmed,https://www.westcoasteagles.com.au/teams/afl/players
Jamie,Cripps,1992-04-23,WCE,2,dark_brown,confirmed,https://www.westcoasteagles.com.au/teams/afl/players
Matthew,Owies,1997-03-19,WCE,2,light_brown,confirmed,https://www.westcoasteagles.com.au/teams/afl/players
Jack,Graham,1998-02-25,WCE,2,dark_brown,confirmed,https://www.westcoasteagles.com.au/teams/afl/players
Tom,McCarthy,2000-07-12,WCE,2,brown,confirmed,https://www.westcoasteagles.com.au/teams/afl/players
Brady,Hough,2003-03-05,WCE,2,dark_brown,confirmed,https://www.westcoasteagles.com.au/teams/afl/players
Tylar,Young,1998-09-05,WCE,2,light_brown,confirmed,https://www.westcoasteagles.com.au/teams/afl/players
Cooper,Duff-Tytler,2007-08-22,WCE,2,brown,confirmed,https://www.westcoasteagles.com.au/teams/afl/players
Archer,Reid,2005-09-19,WCE,2,light_brown,confirmed,https://www.westcoasteagles.com.au/teams/afl/players
Ryan,Maric,2004-09-06,WCE,2,blond,confirmed,https://www.westcoasteagles.com.au/teams/afl/players
Harvey,Johnston,2005-08-18,WCE,3,dark_brown,confirmed,https://www.westcoasteagles.com.au/teams/afl/players
Matt,Flynn,1997-09-13,WCE,2,light_brown,confirmed,https://www.westcoasteagles.com.au/teams/afl/players
Bo,Allan,2006-02-16,WCE,2,light_brown,confirmed,https://www.westcoasteagles.com.au/teams/afl/players
Tom,Gross,2006-09-15,WCE,2,light_brown,confirmed,https://www.westcoasteagles.com.au/teams/afl/players
Tom,Cole,1997-05-28,WCE,2,dark_brown,confirmed,https://www.westcoasteagles.com.au/teams/afl/players
Bailey,Williams,2000-04-17,WCE,2,light_brown,confirmed,https://www.westcoasteagles.com.au/teams/afl/players
Rhett,Bazzo,2003-10-17,WCE,2,dark_brown,confirmed,https://www.westcoasteagles.com.au/teams/afl/players
Jack,Williams,2003-12-01,WCE,2,dark_brown,confirmed,https://www.westcoasteagles.com.au/teams/afl/players
Jobe,Shanahan,2006-08-02,WCE,2,brown,confirmed,https://www.westcoasteagles.com.au/teams/afl/players
Malakai,Champion,2006-05-17,WCE,3,black,confirmed,https://www.westcoasteagles.com.au/teams/afl/players
Hamish,Davis,2006-05-02,WCE,2,light_brown,confirmed,https://www.westcoasteagles.com.au/teams/afl/players
Deven,Robertson,2001-06-30,WCE,2,dark_brown,confirmed,https://www.westcoasteagles.com.au/teams/afl/players
Sandy,Brock,2002-12-14,WCE,2,light_brown,confirmed,https://www.westcoasteagles.com.au/teams/afl/players
Harry,Edwards,2000-10-01,WCE,2,light_brown,confirmed,https://www.westcoasteagles.com.au/teams/afl/players
Jack,Hutchinson,2001-11-10,WCE,2,blond,confirmed,https://www.westcoasteagles.com.au/teams/afl/players
Jacob,Newton,2006-03-20,WCE,2,dark_brown,confirmed,https://www.westcoasteagles.com.au/teams/afl/players
Milan,Murdock,2000-06-30,WCE,2,brown,confirmed,https://www.westcoasteagles.com.au/teams/afl/players
Harry,Schoenberg,2001-02-21,WCE,2,dark_brown,confirmed,https://www.westcoasteagles.com.au/teams/afl/players
Oliver,Francou,2006-02-27,WCE,2,dark_brown,confirmed,https://www.westcoasteagles.com.au/teams/afl/players
Marcus,Herbert,2002-08-13,WCE,2,dark_brown,confirmed,https://www.westcoasteagles.com.au/teams/afl/players
Adam,Treloar,1993-03-09,WBD,2,blond,confirmed,https://www.westernbulldogs.com.au/teams/afl
Lachlan,Carmichael,2007-08-27,WBD,2,brown,confirmed,https://www.westernbulldogs.com.au/teams/afl
Cody,Weightman,2001-01-15,WBD,2,blond,confirmed,https://www.westernbulldogs.com.au/teams/afl
Marcus,Bontempelli,1995-11-24,WBD,2,dark_brown,confirmed,https://www.westernbulldogs.com.au/teams/afl
Jedd,Busslinger,2004-03-11,WBD,2,brown,confirmed,https://www.westernbulldogs.com.au/teams/afl
Cooper,Hynes,2006-02-28,WBD,2,dark_brown,confirmed,https://www.westernbulldogs.com.au/teams/afl
Rory,Lobb,1993-02-09,WBD,2,blond,confirmed,https://www.westernbulldogs.com.au/teams/afl
Matthew,Kennedy,1997-04-06,WBD,2,dark_brown,confirmed,https://www.westernbulldogs.com.au/teams/afl
Ryley,Sanders,2005-01-21,WBD,2,light_brown,confirmed,https://www.westernbulldogs.com.au/teams/afl
Sam,Darcy,2003-07-19,WBD,2,dark_brown,confirmed,https://www.westernbulldogs.com.au/teams/afl
Lachie,Jaques,2006-06-01,WBD,1,light_brown,confirmed,https://www.westernbulldogs.com.au/teams/afl
Harvey,Gallagher,2003-09-26,WBD,2,light_brown,confirmed,https://www.westernbulldogs.com.au/teams/afl
Oskar,Baker,1998-05-25,WBD,2,red,confirmed,https://www.westernbulldogs.com.au/teams/afl
Rhylee,West,2000-07-12,WBD,2,light_brown,confirmed,https://www.westernbulldogs.com.au/teams/afl
Jordan,Croft,2005-05-12,WBD,2,brown,confirmed,https://www.westernbulldogs.com.au/teams/afl
Nick,Coffield,1999-10-23,WBD,2,light_brown,confirmed,https://www.westernbulldogs.com.au/teams/afl
Connor,Budarick,2001-04-06,WBD,2,dark_brown,confirmed,https://www.westernbulldogs.com.au/teams/afl
Ed,Richards,1999-07-03,WBD,1,red,confirmed,https://www.westernbulldogs.com.au/teams/afl
Tom,Liberatore,1992-05-16,WBD,2,dark_brown,confirmed,https://www.westernbulldogs.com.au/teams/afl
Laitham,Vandermeer,1999-02-03,WBD,3,blond,confirmed,https://www.westernbulldogs.com.au/teams/afl
Buku,Khamis,2000-03-24,WBD,6,black,confirmed,https://www.westernbulldogs.com.au/teams/afl
Louis,Emmett,2007-03-23,WBD,2,dark_brown,confirmed,https://www.westernbulldogs.com.au/teams/afl
Josh,Dolan,2006-11-11,WBD,1,blond,confirmed,https://www.westernbulldogs.com.au/teams/afl
Joel,Freijah,2005-11-14,WBD,3,black,confirmed,https://www.westernbulldogs.com.au/teams/afl
Will,Lewis,1999-05-05,WBD,2,light_brown,confirmed,https://www.westernbulldogs.com.au/teams/afl
Lachlan,Bramble,1998-04-19,WBD,2,light_brown,confirmed,https://www.westernbulldogs.com.au/teams/afl
Lachlan,McNeil,2001-02-09,WBD,2,brown,confirmed,https://www.westernbulldogs.com.au/teams/afl
Bailey,Dale,1996-07-22,WBD,2,light_brown,confirmed,https://www.westernbulldogs.com.au/teams/afl
Arthur,Jones,2003-07-18,WBD,4,black,confirmed,https://www.westernbulldogs.com.au/teams/afl
Aaron,Naughton,1999-11-30,WBD,2,blond,confirmed,https://www.westernbulldogs.com.au/teams/afl
Bailey,Williams,1997-10-10,WBD,2,brown,confirmed,https://www.westernbulldogs.com.au/teams/afl
Luke,Kennedy,2006-10-11,WBD,2,dark_brown,confirmed,https://www.westernbulldogs.com.au/teams/afl
Luke,Cleary,2002-03-05,WBD,2,brown,confirmed,https://www.westernbulldogs.com.au/teams/afl
Michael,Sellwood,2003-10-02,WBD,2,brown,confirmed,https://www.westernbulldogs.com.au/teams/afl
Lachlan,Smith,2005-10-05,WBD,2,light_brown,confirmed,https://www.westernbulldogs.com.au/teams/afl
James,ODonnell,2002-08-31,WBD,2,dark_brown,confirmed,https://www.westernbulldogs.com.au/teams/afl
Tim,English,1997-08-10,WBD,2,light_brown,confirmed,https://www.afl.com.au/players/1409/tim-english
Sam,Davidson,2001-12-13,WBD,1,blond,confirmed,https://www.afl.com.au/players/12580/sam-davidson
Ryan,Gardner,1997-06-01,WBD,2,brown,confirmed,https://www.afl.com.au/players/900/ryan-gardner
