club,num,slug,draft_year,draft_type,draft_pick,seasons,career
ADE,12,Jordan_Dawson,2015,national,56,2021:87:23;2022:91:22;2023:81:23;2024:73:22;2025:83:25,SYD:2017:2021:64:34;ADE:2022:2025:92:44
ADE,3,Sam_Berry,2020,national,28,2021:50:17;2022:71:18;2024:64:18;2025:64:19,ADE:2021:2025:76:18
ADE,23,Izak_Rankine,2018,national,3,2021:58:18;2022:59:18;2023:73:20;2024:74:15;2025:84:22,GCS:2020:2022:48:57;ADE:2023:2025:57:96
ADE,24,Josh_Worrell,2019,national,28,2023:66:12;2024:77:13;2025:77:25,ADE:2021:2025:55:0
ADE,30,Wayne_Milera,2015,national,11,2022:50:12;2023:60:22;2025:62:24,ADE:2016:2025:123:31
ADE,29,Rory_Laird,2013,national,86,2021:86:22;2022:85:20;2023:88:22;2024:77:23;2025:64:22,ADE:2013:2025:269:31
ADE,25,James_Peatling,2021,midseason,8,2022:51:12;2023:48:10;2024:63:19;2025:70:23,GWS:2021:2024:45:16;ADE:2025:2025:23:12
ADE,15,Brayden_Cook,2020,national,25,2022:47:8;2024:49:15,ADE:2021:2025:30:15
ADE,8,Josh_Rachele,2021,national,6,2022:54:13;2023:56:21;2024:60:22;2025:60:14,ADE:2022:2025:70:97
ADE,28,Alex_Neal-Bullen,2014,national,40,2021:61:25;2022:56:23;2023:57:25;2024:63:23;2025:60:25,MEL:2015:2024:176:116;ADE:2025:2025:25:17
ADE,2,Ben_Keays,2015,national,24,2021:82:22;2022:83:22;2023:65:23;2024:64:23;2025:66:25,BRL:2016:2019:30:11;ADE:2020:2025:131:117
ADE,14,Jake_Soligo,2021,national,36,2022:57:16;2023:61:21;2024:73:23;2025:74:25,ADE:2022:2025:85:36
ADE,16,Max_Michalanney,2022,national,17,2023:58:22;2024:62:23;2025:54:21,ADE:2023:2025:66:4
ADE,7,Riley_Thilthorpe,2020,national,2,2021:56:14;2022:54:11;2023:57:21;2025:91:25,ADE:2021:2025:78:119
ADE,6,Daniel_Curtin,2023,national,8,2025:59:25,ADE:2024:2025:32:14
ADE,42,Lachlan_McAndrew,2021,midseason,12,,SYD:2023:2023:2:0
ADE,27,Luke_Nankervis,2021,preseason,4,2024:58:20,ADE:2023:2025:31:1
ADE,19,Zac_Taylor,2021,national,44,2024:52:9;2025:47:17,ADE:2024:2025:26:8
ADE,40,Hugo_Hall-Kahan,2022,midseason,11,,
ADE,44,Isaac_Cumming,2016,national,20,2021:78:24;2022:78:21;2023:61:20;2025:54:24,GWS:2018:2024:81:10;ADE:2025:2025:24:7
ADE,35,James_Borlase,2023,rookie,20,2024:59:10,ADE:2023:2025:16:1
ADE,13,Taylor_Walker,2007,national,75,2021:88:17;2022:91:18;2023:93:22;2024:78:18;2025:77:23,ADE:2009:2025:301:680
ADE,32,Darcy_Fogarty,2017,national,12,2021:59:17;2022:73:17;2023:71:21;2024:78:23;2025:74:24,ADE:2018:2025:126:199
ADE,48,Mark_Keane,,,,2024:76:21;2025:82:25,COL:2020:2021:5:0;ADE:2023:2025:51:0
ADE,9,Nick_Murray,,,,2021:56:13;2022:61:16;2023:62:17;2024:60:9;2025:61:12,ADE:2021:2025:67:1
ADE,41,Jordon_Butts,2018,rookie,39,2021:62:22;2022:58:19;2023:55:17;2024:59:15;2025:55:10,ADE:2020:2025:85:0
ADE,4,Callum_Ah_Chee,2015,national,8,2021:49:21;2022:48:21;2023:49:12;2024:60:26;2025:58:26,GCS:2016:2019:45:24;BRL:2020:2025:124:75
ADE,10,Luke_Pedlar,2020,national,11,2023:56:21;2025:53:9,ADE:2021:2025:39:40
ADE,39,Toby_Murray,2024,midseason,7,,
ADE,21,Hugh_Bond,2022,national,50,,ADE:2024:2025:12:0
BRL,9,Lachie_Neale,2011,national,58,2021:83:17;2022:94:25;2023:92:26;2024:89:26;2025:87:22,FRE:2012:2018:135:67;BRL:2019:2025:159:69
BRL,8,Will_Ashcroft,2022,national,2,2023:70:18;2024:62:13;2025:82:27,BRL:2023:2025:58:26
BRL,5,Josh_Dunkley,2015,national,25,2021:70:15;2022:82:23;2023:78:24;2024:78:27;2025:78:27,WBD:2016:2022:116:65;BRL:2023:2025:78:15
BRL,33,Zac_Bailey,2017,national,15,2021:67:24;2022:62:24;2023:59:24;2024:56:22;2025:70:26,BRL:2018:2025:166:185
BRL,44,Darcy_Wilmot,2021,national,16,2023:57:26;2024:65:27;2025:68:27,BRL:2022:2025:83:12
BRL,10,Levi_Ashcroft,2024,national,5,2025:60:27,BRL:2025:2025:27:12
BRL,3,Jaspa_Fletcher,2022,national,12,2023:49:14;2024:53:27;2025:64:27,BRL:2023:2025:68:20
BRL,16,Cam_Rayner,,,,2022:64:24;2023:58:26;2024:62:27;2025:63:27,BRL:2018:2025:167:171
BRL,15,Dayne_Zorko,,,,2021:77:23;2022:62:22;2023:58:20;2024:86:27;2025:87:27,BRL:2012:2025:304:237
BRL,7,Jarrod_Berry,2016,national,17,2021:50:11;2022:59:23;2023:59:25;2024:61:27;2025:59:24,BRL:2017:2025:184:73
BRL,35,Ryan_Lester,2010,national,28,2021:57:17;2023:60:19;2024:61:27;2025:62:26,BRL:2011:2025:233:48
BRL,1,Kai_Lohmann,2021,national,20,2024:60:27;2025:55:18,BRL:2022:2025:53:57
BRL,31,Harris_Andrews,2014,national,61,2021:77:23;2022:72:24;2023:84:26;2024:76:26;2025:77:27,BRL:2015:2025:239:11
BRL,23,Charlie_Cameron3,2013,rookie,7,2021:76:24;2022:78:25;2023:77:26;2024:66:27;2025:58:25,ADE:2014:2017:73:87;BRL:2018:2025:181:349
BRL,13,Logan_Morris,2023,national,31,2024:58:19;2025:81:26,BRL:2024:2025:45:77
BRL,6,Hugh_McCluggage,2016,national,3,2021:73:24;2022:78:24;2023:72:25;2024:77:27;2025:88:27,BRL:2017:2025:209:134
BRL,38,Bruce_Reville,,,,2024:47:12;2025:44:13,BRL:2024:2025:25:7
BRL,32,Darcy_Fort,2018,national,65,2022:58:18;2025:62:21,GEE:2019:2020:8:6;BRL:2022:2025:49:15
BRL,2,Sam_Draper,2016,rookie,1,2021:69:13;2022:67:22;2023:59:14;2024:59:16,ESS:2020:2025:78:43
BRL,26,Conor_McKenna,,,,2023:60:26;2024:50:18,ESS:2015:2020:79:20;BRL:2023:2025:49:9
BRL,18,Keidean_Coleman,2019,national,37,2021:46:18;2022:63:18;2023:65:23,BRL:2020:2025:66:14
BRL,43,Noah_Answerth,2018,national,55,2022:59:23;2024:57:16;2025:59:17,BRL:2019:2025:88:3
BRL,22,Ty_Gallop,2024,national,42,,BRL:2025:2025:6:4
BRL,27,Darcy_Gardiner,2013,national,22,2021:50:9;2022:60:21;2025:59:18,BRL:2014:2025:183:14
BRL,29,James_Tunstill,2021,national,41,,BRL:2022:2025:12:1
BRL,30,Eric_Hipwood,2015,national,14,2021:66:16;2022:62:17;2023:75:26;2024:71:24;2025:61:22,BRL:2016:2025:199:287
BRL,4,Oscar_Allen,2017,national,21,2021:69:21;2023:78:23;2024:66:11;2025:54:12,WCE:2018:2025:105:151
BRL,11,Lincoln_McCarthy,2011,national,66,2021:63:24;2022:62:25;2023:56:24;2024:53:8,GEE:2012:2018:29:25;BRL:2019:2024:122:142
BRL,20,Sam_Marshall,2024,national,25,2025:43:11,BRL:2025:2025:11:1
BRL,41,Darragh_Joyce,2024,rookie,15,,SKN:2018:2022:13:0;BRL:2023:2024:11:0
CAR,18,Sam_Walsh,2018,national,1,2021:88:22;2022:83:20;2023:76:18;2024:82:20;2025:74:14,CAR:2019:2025:133:47
CAR,9,Patrick_Cripps,2013,national,13,2021:79:20;2022:96:21;2023:88:24;2024:96:24;2025:87:23,CAR:2014:2025:230:127
CAR,7,Jagga_Smith,2024,national,3,,
CAR,14,Oliver_Florent,2016,national,11,2021:61:23;2022:59:25;2023:60:24;2024:66:26;2025:50:16,SYD:2017:2025:184:51
CAR,29,George_Hewett,2013,national,32,2021:59:21;2022:81:15;2023:70:22;2024:77:22;2025:85:23,SYD:2016:2021:120:32;CAR:2022:2025:82:21
CAR,5,Adam_Cerra,2017,national,5,2021:67:18;2022:73:18;2023:75:22;2024:60:13;2025:76:19,FRE:2018:2021:76:16;CAR:2022:2025:72:23
CAR,12,Ben_Ainsworth,2016,national,4,2021:54:17;2022:66:22;2023:58:21;2024:59:17;2025:56:24,GCS:2017:2025:158:137
CAR,2,Lachlan_Cowan,,,,2024:58:17;2025:59:14,CAR:2023:2025:38:2
CAR,26,Nick_Haynes,2011,national,7,2021:65:21;2022:56:17;2023:59:20;2024:58:8;2025:67:23,GWS:2012:2024:211:13;CAR:2025:2025:23:0
CAR,19,Will_Hayward,2016,national,21,2021:60:20;2022:59:25;2023:57:23;2024:62:26;2025:61:21,SYD:2017:2025:184:229
CAR,24,Nic_Newman,,,,2021:71:14;2022:70:19;2023:81:24;2024:86:24,SYD:2017:2018:31:8;CAR:2019:2024:103:10
CAR,15,Billy_Wilson2,2023,national,34,,CAR:2025:2025:4:0
CAR,44,Francis_Evans,2019,national,41,2023:47:10;2024:42:17;2025:56:10,GEE:2021:2022:7:3;PAD:2023:2024:27:19;CAR:2025:2025:10:13
CAR,10,Harry_McKay,2015,national,10,2021:86:19;2022:87:19;2023:76:21;2024:89:21;2025:85:12,CAR:2017:2025:140:274
CAR,27,Marc_Pittonet,2014,national,50,2021:62:13;2022:56:8;2023:61:18;2024:63:14,HAW:2016:2019:7:0;CAR:2020:2025:73:12
CAR,17,Brodie_Kemp,2019,national,17,2023:62:17;2024:65:21,CAR:2021:2025:49:14
CAR,11,Mitch_McGovern,2014,national,43,2023:68:22;2024:65:18;2025:59:17,ADE:2016:2018:48:67;CAR:2019:2025:97:53
CAR,35,Harry_Dean,2025,national,3,,
CAR,13,Blake_Acres,2013,national,19,2021:57:18;2022:62:20;2023:66:25;2024:64:23;2025:56:19,SKN:2014:2019:75:29;FRE:2020:2022:45:8;CAR:2023:2025:67:28
CAR,4,Oliver_Hollands,2022,national,11,2023:48:19;2024:56:23;2025:64:23,CAR:2023:2025:65:11
CAR,36,Cooper_Lord,2024,midseason,9,2025:54:21,CAR:2024:2025:23:5
CAR,46,Matthew_Cottrell,,,,2021:52:14;2022:52:18;2023:51:17;2024:47:14,CAR:2020:2025:74:36
CAR,47,Wade_Derksen,2022,midseason,5,,
CAR,23,Jacob_Weitering,2015,national,1,2021:87:22;2022:74:18;2023:87:26;2024:79:22;2025:76:23,CAR:2016:2025:204:11
CAR,39,Talor_Byrne,2025,national,45,,
CAR,6,Zac_Williams,2013,national,95,2021:60:14;2022:61:9;2024:52:19;2025:57:19,GWS:2013:2020:113:27;CAR:2021:2025:61:42
CAR,33,Lewis_Young,2016,national,49,2021:44:9;2022:72:19;2023:67:15;2024:65:9;2025:59:13,WBD:2017:2021:24:1;CAR:2022:2025:56:8
CAR,32,Matt_Carroll,2023,rookie,15,2025:52:17,CAR:2025:2025:17:1
CAR,20,Elijah_Hollands,2020,national,7,2023:50:9;2024:59:22,GCS:2022:2023:14:8;CAR:2024:2025:27:18
CAR,30,Jack_Ison,2025,national,47,,
COL,35,Nick_Daicos,2021,national,4,2022:67:25;2023:84:22;2024:94:23;2025:90:25,COL:2022:2025:95:63
COL,7,Josh_Daicos,2016,national,57,2021:59:17;2022:66:25;2023:70:26;2024:64:23;2025:81:25,COL:2017:2025:151:67
COL,9,Dan_Houston,2015,rookie,45,2021:60:23;2022:80:21;2023:70:25;2024:83:22;2025:61:21,PAD:2017:2024:168:41;COL:2025:2025:21:7
COL,25,Jack_Crisp,2012,national,86,2021:73:22;2022:79:25;2023:67:26;2024:73:23;2025:69:25,BRL:2012:2014:18:10;COL:2015:2025:256:86
COL,2,Jordan_de_Goey,2014,national,5,2021:69:20;2022:80:19;2023:80:21;2024:71:13;2025:58:11,COL:2015:2025:182:210
COL,14,Darcy_Cameron,2016,national,48,2021:63:18;2022:62:24;2023:67:19;2024:73:23;2025:74:25,SYD:2018:2018:1:0;COL:2020:2025:119:69
COL,1,Patrick_Lipinski,2016,national,28,2021:47:11;2022:69:25;2023:58:14;2024:61:23;2025:57:23,WBD:2017:2021:56:30;COL:2022:2025:85:42
COL,10,Scott_Pendlebury,,,,2021:73:18;2022:70:24;2023:70:25;2024:68:20;2025:66:22,COL:2006:2025:425:204
COL,3,Isaac_Quaynor,2018,national,13,2021:65:20;2022:62:24;2023:65:26;2024:57:23;2025:61:25,COL:2019:2025:133:5
COL,44,Ned_Long,2024,midseason,19,2025:65:25,HAW:2022:2023:5:1;COL:2024:2025:32:9
COL,22,Steele_Sidebottom,2008,national,11,2021:66:21;2022:60:25;2023:63:20;2024:62:22;2025:71:23,COL:2009:2025:354:209
COL,31,Beau_McCreery,2020,national,44,2021:45:13;2022:46:22;2023:50:25;2024:51:17;2025:54:19,COL:2021:2025:96:58
COL,16,Edward_Allan,,,,2025:47:13,COL:2024:2025:15:2
COL,8,Lachie_Schultz,2018,national,57,2021:55:20;2022:60:23;2023:64:23;2024:57:20;2025:59:16,FRE:2019:2023:90:101;COL:2024:2025:36:37
COL,4,Brayden_Maynard,2014,national,30,2021:79:22;2022:81:23;2023:74:25;2024:81:23;2025:69:20,COL:2015:2025:229:25
COL,38,Jeremy_Howe,2010,national,33,2021:58:8;2022:83:24;2023:60:14;2024:77:19;2025:65:19,MEL:2011:2015:100:80;COL:2016:2025:171:23
COL,17,Billy_Frampton,2014,national,84,2021:51:10;2023:56:16;2024:61:18;2025:62:16,PAD:2018:2019:3:4;ADE:2020:2022:21:8;COL:2023:2025:50:8
COL,45,Roan_Steele,2025,midseason,8,,COL:2025:2025:5:0
COL,12,Harry_Perryman,2016,national,14,2021:65:18;2022:64:16;2023:64:22;2024:62:21;2025:59:25,GWS:2017:2024:129:28;COL:2025:2025:25:4
COL,11,Daniel_McStay,2013,national,25,2021:70:19;2022:63:22;2023:60:14;2025:57:18,BRL:2014:2022:161:138;COL:2023:2025:37:47
COL,28,Tim_Membrey,2012,national,46,2021:84:21;2022:75:22;2024:71:19;2025:65:23,SYD:2014:2014:1:0;SKN:2015:2024:178:293;COL:2025:2025:23:32
COL,41,Angus_Anderson,2025,national,57,,
COL,32,Sam_Swadling,2025,national,37,,
COL,5,Jamie_Elliott1,,,,2021:73:13;2022:61:19;2023:72:24;2024:62:15;2025:85:25,COL:2012:2025:219:347
COL,36,Harvey_Harrison,2021,national,52,2024:48:12,COL:2023:2024:16:14
COL,34,Jack_Buller,2023,midseason,15,2025:57:9,SYD:2023:2025:10:11
COL,39,Will_Hayes1,2024,national,56,,COL:2025:2025:2:1
COL,21,Oscar_Steene,,,,,
COL,29,Charlie_West1,2024,national,50,,COL:2025:2025:1:1
COL,15,Wil_Parker,,,,,COL:2024:2025:9:1
ESS,7,Zach_Merrett,2013,national,26,2021:78:23;2022:81:19;2023:81:22;2024:80:23;2025:78:22,ESS:2014:2025:251:87
ESS,21,Archie_Roberts1,2023,national,54,2025:68:23,ESS:2024:2025:27:3
ESS,22,Sam_Durham,2021,midseason,9,2022:54:20;2023:56:22;2024:73:22;2025:79:20,ESS:2021:2025:91:29
ESS,1,Andrew_McGrath,2016,national,1,2021:67:15;2022:63:18;2023:73:23;2024:80:23;2025:65:23,ESS:2017:2025:180:21
ESS,2,Jacob_Farrow,2025,national,10,,
ESS,25,Jaxon_Prior,2019,national,59,2021:44:18;2022:49:12;2025:61:23,BRL:2021:2024:39:11;ESS:2025:2025:23:0
ESS,3,Darcy_Parish,2015,national,5,2021:91:23;2022:83:16;2023:88:18;2024:66:12,ESS:2016:2025:165:55
ESS,31,Zach_Reid,2020,national,10,2025:64:10,ESS:2021:2025:19:0
ESS,6,Jye_Caldwell,2018,national,11,2022:64:20;2023:66:21;2024:73:23;2025:73:11,GWS:2019:2020:11:1;ESS:2021:2025:78:30
ESS,4,Kyle_Langford,2014,national,17,2021:61:17;2022:55:9;2023:85:23;2024:83:23;2025:54:9,ESS:2015:2025:162:179
ESS,28,Xavier_Duursma,2018,national,18,2021:54:11;2022:49:11;2023:56:16;2024:58:15;2025:59:22,PAD:2019:2023:73:33;ESS:2024:2025:37:19
ESS,27,Mason_Redman,2015,national,30,2021:62:22;2022:74:20;2023:70:23;2024:70:21;2025:68:19,ESS:2016:2025:143:24
ESS,15,Dyson_Sharp,2025,national,13,,
ESS,12,Will_Setterfield,2016,national,5,2021:56:8;2022:53:13;2023:59:10;2025:61:13,GWS:2017:2017:2:0;CAR:2019:2022:55:12;ESS:2023:2025:27:3
ESS,9,Sullivan_Robey,2025,national,9,,
ESS,44,Archer_Day-Wicks,2024,rookie,6,,ESS:2025:2025:5:1
ESS,30,Nate_Caddy,2023,national,10,2024:54:10;2025:59:17,ESS:2024:2025:27:29
ESS,16,Archie_Perkins,2020,national,9,2021:48:21;2022:54:18;2023:56:23;2024:57:18;2025:54:21,ESS:2021:2025:101:65
ESS,20,Peter_Wright,2014,national,8,2021:54:21;2022:89:22;2023:64:10;2024:62:14;2025:73:19,GCS:2015:2019:66:85;ESS:2021:2025:86:148
ESS,10,Isaac_Kako,2024,national,13,2025:54:23,ESS:2025:2025:23:15
ESS,46,Lachlan_Blakiston,2025,midseason,13,2025:55:11,ESS:2025:2025:11:1
ESS,5,Elijah_Tsatas,2022,national,5,,ESS:2023:2025:16:3
ESS,24,Nick_Bryan,2019,national,38,2023:52:8,ESS:2021:2025:23:2
ESS,32,Ben_McKay,2015,national,21,2021:61:22;2022:56:15;2023:59:19;2024:62:23;2025:53:10,NTH:2017:2023:71:1;ESS:2024:2025:33:0
ESS,29,Max_Kondogiannis,2025,national,36,,
ESS,41,Saad_El-Hawli,2024,midseason,13,2025:47:9,ESS:2025:2025:9:1
ESS,40,Zak_Johnson,2024,national,70,2025:52:9,ESS:2025:2025:9:0
ESS,14,Jordan_Ridley,2016,national,22,2021:86:22;2022:78:20;2023:73:17;2024:69:9;2025:56:10,ESS:2018:2025:104:2
ESS,13,Nik_Cox,2020,national,8,2021:49:22;2024:53:20,ESS:2021:2024:53:18
ESS,34,Jaxon_Artemis,,,,,
FRE,8,Andrew_Brayshaw,2017,national,2,2021:74:20;2022:81:24;2023:77:23;2024:84:23;2025:86:24,FRE:2018:2025:170:57
FRE,6,Jordan_Clark,2018,national,15,2021:44:11;2022:72:24;2023:65:23;2024:87:23;2025:86:24,GEE:2019:2021:32:15;FRE:2022:2025:94:9
FRE,10,Shai_Bolton,2016,national,29,2021:72:20;2022:79:23;2023:81:23;2024:73:22;2025:60:23,RIC:2017:2024:135:165;FRE:2025:2025:23:28
FRE,3,Caleb_Serong,2019,national,8,2021:73:22;2022:80:22;2023:91:22;2024:89:23;2025:91:24,FRE:2020:2025:127:37
FRE,16,Murphy_Reid,2024,national,17,2025:55:24,FRE:2025:2025:24:25
FRE,13,Luke_Ryan,2016,national,66,2021:83:19;2022:84:24;2023:83:23;2024:87:23;2025:81:24,FRE:2017:2025:179:3
FRE,23,Karl_Worner,2021,rookie,8,2025:58:23,FRE:2023:2025:31:0
FRE,9,Luke_Jackson,2019,national,3,2021:54:24;2022:55:22;2023:60:23;2024:58:23;2025:73:21,MEL:2020:2022:52:30;FRE:2023:2025:67:63
FRE,28,Neil_Erasmus,2021,national,10,2023:48:14;2025:59:16,FRE:2022:2025:39:4
FRE,44,Matthew_Johnson,2021,national,21,2023:49:18;2024:53:19;2025:62:18,FRE:2023:2025:55:9
FRE,5,Heath_Chapman,2020,national,14,2022:61:17;2024:61:16;2025:59:23,FRE:2021:2025:65:2
FRE,17,Judd_McVee,2021,rookie,18,2023:53:25;2024:58:23;2025:54:17,MEL:2023:2025:65:1
FRE,26,Hayden_Young,2019,national,7,2021:58:8;2022:78:22;2023:76:22;2024:78:23;2025:62:9,FRE:2020:2025:89:22
FRE,35,Josh_Treacy,2020,rookie,7,2021:53:15;2023:54:17;2024:87:20;2025:84:24,FRE:2021:2025:80:118
FRE,39,Sam_Switkowski,2017,national,73,2021:54:12;2022:60:14;2023:59:22;2024:57:20;2025:53:17,FRE:2018:2025:105:66
FRE,30,Nathan_ODriscoll,2020,national,27,2022:53:12;2023:49:10;2025:54:14,FRE:2022:2025:38:15
FRE,43,Isaiah_Dudley,,,,2025:49:16,FRE:2025:2025:16:15
FRE,20,Patrick_Voss,2021,rookie,11,2025:69:20,FRE:2024:2025:27:44
FRE,34,Corey_Wagner,2022,national,57,2023:58:9;2024:55:12;2025:53:17,NTH:2016:2017:8:0;MEL:2019:2019:11:6;FRE:2023:2025:38:3
FRE,32,Michael_Frederick,2019,national,61,2022:56:22;2023:59:19;2024:56:20;2025:57:24,FRE:2020:2025:102:116
FRE,24,Jye_Amiss,2021,national,8,2023:67:22;2024:66:22;2025:61:24,FRE:2022:2025:71:113
FRE,36,Brennan_Cox,2016,national,41,2021:62:12;2022:80:23;2023:77:20;2024:58:9;2025:62:24,FRE:2017:2025:135:32
FRE,25,Alex_Pearce,2013,national,37,2021:56:10;2022:60:21;2023:62:23;2024:63:15;2025:60:16,FRE:2015:2025:138:9
FRE,21,Oscar_McDonald,2014,national,53,,MEL:2015:2020:81:1;CAR:2021:2022:5:2;FRE:2024:2025:8:4
FRE,18,Mason_Cox,,,,2022:59:18;2023:57:19;2024:53:16;2025:46:10,COL:2016:2025:139:127
FRE,2,Jaeger_OMeara,,,,2021:82:18;2022:77:21;2023:68:21;2024:55:22;2025:62:14,GCS:2013:2014:44:27;HAW:2017:2022:99:43;FRE:2023:2025:57:17
FRE,45,Chris_Scerri,,,,,
FRE,4,Sean_Darcy,2016,national,38,2021:78:21;2022:74:21;2023:71:15;2024:66:12;2025:62:17,FRE:2017:2025:127:49
FRE,14,Jeremy_Sharp,2019,national,27,2021:55:9;2022:44:12;2024:53:23;2025:49:14,GCS:2020:2022:23:7;FRE:2024:2025:37:13
FRE,31,Brandon_Walker,2020,national,50,2021:52:10;2022:54:21;2023:49:14;2024:57:19,FRE:2021:2025:66:2
GEE,3,Bailey_Smith,2018,national,7,2021:69:26;2022:75:17;2023:68:19;2025:88:23,WBD:2019:2023:103:44;GEE:2025:2025:23:8
GEE,9,Max_Holmes,2020,national,20,2021:48:12;2022:57:18;2023:66:21;2024:74:25;2025:84:26,GEE:2021:2025:102:48
GEE,28,Oliver_Dempsey,2021,rookie,15,2024:60:25;2025:64:26,GEE:2022:2025:58:59
GEE,4,Tanner_Bruhn,2020,national,12,2021:46:13;2022:57:17;2023:61:19;2024:69:17,GWS:2021:2022:30:11;GEE:2023:2024:36:13
GEE,17,Lawson_Humphries,2023,national,63,2024:59:11;2025:63:25,GEE:2024:2025:36:5
GEE,44,Tom_Stewart,2016,national,40,2021:86:20;2022:89:20;2023:85:22;2024:89:23;2025:63:20,GEE:2017:2025:191:6
GEE,30,Tom_Atkins,2018,rookie,11,2021:56:22;2022:66:25;2023:73:23;2024:67:22;2025:78:26,GEE:2019:2025:153:22
GEE,7,Shaun_Mannagh,2023,national,36,2024:55:12;2025:63:23,GEE:2024:2025:35:46
GEE,39,Zach_Guthrie,2016,rookie,33,2021:52:13;2022:60:21;2023:61:23;2024:78:25;2025:69:26,GEE:2017:2025:128:15
GEE,14,Connor_OSullivan,2023,national,11,2025:66:25,GEE:2024:2025:26:0
GEE,34,Oisin_Mullin,,,,2024:51:12;2025:48:25,GEE:2023:2025:43:2
GEE,32,Gryan_Miers,2017,national,57,2021:51:15;2022:51:22;2023:61:23;2024:64:25;2025:62:24,GEE:2019:2025:155:114
GEE,42,Mark_OConnor,,,,2021:56:14;2022:54:22;2023:57:22;2024:50:13;2025:56:25,GEE:2017:2025:147:10
GEE,35,Patrick_Dangerfield,2007,national,10,2021:82:16;2022:81:18;2023:81:18;2024:75:16;2025:69:23,ADE:2008:2015:154:163;GEE:2016:2025:206:202
GEE,36,Oliver_Henry,2020,national,17,2021:53:10;2022:57:15;2023:65:22;2024:67:23;2025:52:15,COL:2021:2022:25:28;GEE:2023:2025:60:92
GEE,16,Sam_De_Koning,2019,national,19,2022:60:23;2023:57:19;2024:61:19;2025:62:23,GEE:2021:2025:85:7
GEE,5,Jeremy_Cameron,,,,2021:77:15;2022:94:24;2023:91:20;2024:89:24;2025:92:26,GWS:2012:2020:171:427;GEE:2021:2025:109:309
GEE,46,Mark_Blicavs,2011,rookie,54,2021:55:24;2022:61:24;2023:70:19;2024:51:24;2025:56:25,GEE:2013:2025:295:80
GEE,33,Shannon_Neale,2020,national,33,2024:64:15;2025:79:25,GEE:2022:2025:45:68
GEE,11,Mitchell_Edwards,2023,national,32,,
GEE,29,James_Worpel,2017,national,45,2021:68:20;2022:62:11;2023:86:23;2024:80:25;2025:73:21,HAW:2018:2025:148:49
GEE,19,Jack_Martin,2019,preseason,1,2021:56:11;2022:52:12;2023:56:13;2025:57:13,GCS:2014:2019:97:81;CAR:2020:2024:54:52;GEE:2025:2025:13:12
GEE,38,Jack_Henry1,2016,rookie,16,2021:70:24;2022:57:17;2023:56:11;2024:66:25;2025:60:21,GEE:2018:2025:164:24
GEE,45,Brad_Close,,,,2021:53:22;2022:56:25;2023:56:21;2024:56:25;2025:55:26,GEE:2020:2025:127:108
GEE,21,Oliver_Wiltshire,2023,national,61,,GEE:2025:2025:2:1
GEE,12,Jack_Bowes,2016,national,10,2021:69:19;2023:55:17;2024:67:22;2025:56:21,GCS:2017:2022:83:14;GEE:2023:2025:60:32
GEE,13,Jhye_Clark,2022,national,8,2024:50:15;2025:47:10,GEE:2023:2025:26:3
GEE,8,Jake_Kolodjashnij,2013,national,41,2021:58:22;2022:56:23;2023:56:19;2024:67:24,GEE:2015:2024:198:4
GEE,2,Jay_Polkinghorne,2024,national,44,,
ADE,31,Billy_Dowling,2022,national,43,2024:55:9,ADE:2024:2025:10:6
ADE,36,Finnbar_Maley,2023,rookie,2,,NTH:2025:2025:7:4
ADE,1,Chayce_Jones,2018,national,9,2021:51:15;2022:52:20;2023:58:18;2024:53:16,ADE:2019:2025:97:23
ADE,22,Oscar_Ryan,2023,national,27,,
ADE,11,Charlie_Edwards,2023,national,21,,
ADE,43,Reilly_OBrien,,,,2021:75:20;2022:73:20;2023:69:23;2024:65:21;2025:67:25,ADE:2016:2025:146:17
ADE,34,Archie_Ludowyke,2025,national,50,,
ADE,20,Mitch_Hinge,2016,rookie,20,2022:59:17;2023:67:22;2024:74:22;2025:61:24,BRL:2019:2020:3:1;ADE:2021:2025:86:7
BRL,14,Daniel_Annable,2025,national,6,,
BRL,34,Shadeau_Brain,,,,2024:48:9,BRL:2024:2024:9:0
BRL,37,Cody_Curtin,2025,national,43,,
BRL,21,Zane_Zakostelsky,2023,national,51,,
BRL,28,Will_McLachlan,2024,midseason,6,,BRL:2025:2025:6:3
CAR,31,Campbell_Chesser,2021,national,14,2023:43:14;2024:47:18,WCE:2023:2025:36:7
CAR,42,Adam_Saad,,,,2021:68:22;2022:80:21;2023:75:25;2024:62:18;2025:61:21,GCS:2015:2017:48:3;ESS:2018:2020:61:5;CAR:2021:2025:107:4
CAR,25,Liam_Reidy,2022,rookie,13,,FRE:2024:2025:3:0
CAR,37,Jordan_Boyd,2021,midseason,20,2023:54:9;2024:58:19,CAR:2022:2025:38:1
CAR,45,Flynn_Young,2025,midseason,4,2025:47:8,CAR:2025:2025:8:5
CAR,8,Lachie_Fogarty,2017,national,22,2021:53:17;2023:51:12;2024:50:15;2025:52:20,GEE:2018:2020:23:6;CAR:2021:2025:67:30
CAR,43,Ashton_Moir,2023,national,29,2025:54:9,CAR:2024:2025:11:12
CAR,40,Hudson_OKeeffe,,,,,CAR:2025:2025:5:3
CAR,38,Flynn_Riley,,,,,
COL,47,Liam_Puncher,,,,,
COL,30,Darcy_Moore,2014,national,9,2021:72:13;2022:85:24;2023:87:24;2024:72:23;2025:73:22,COL:2015:2025:195:67
COL,33,Lachlan_Sullivan,,,,2024:53:10;2025:50:14,COL:2024:2025:24:8
COL,46,Mitch_Podhajski,,,,,
COL,40,Noah_Howes,2025,midseason,15,,
ESS,11,Jade_Gresham,2015,national,18,2022:77:18;2023:60:23;2024:54:22;2025:55:19,SKN:2016:2023:136:136;ESS:2024:2025:41:29
ESS,33,Hussien_El_Achkar,2025,national,53,,
ESS,45,Tom_Edwards,,,,,ESS:2025:2025:2:3
ESS,36,Angus_Clarke,2024,national,39,2025:54:14,ESS:2025:2025:14:5
ESS,23,Harry_Jones2,2017,rookie,7,2021:58:16;2022:55:10;2024:57:21,ESS:2021:2025:59:55
ESS,26,Archie_May,,,,,ESS:2025:2025:7:7
ESS,42,Jayden_Nguyen,,,,,ESS:2025:2025:5:0
ESS,17,Vigo_Visentini,2023,rookie,8,,ESS:2025:2025:2:0
ESS,8,Brayden_Fiorini,2015,national,20,2021:64:10;2022:58:14;2023:56:17;2024:52:12;2025:60:18,GCS:2016:2025:123:41
ESS,38,Rhys_Unwin,2024,national,61,,ESS:2025:2025:3:1
ESS,35,Matt_Guelfi,2017,national,76,2021:50:20;2022:54:20;2023:51:13;2024:54:13;2025:48:12,ESS:2018:2025:121:69
FRE,41,Bailey_Banfield,2020,rookie,22,2022:44:23;2023:51:14;2024:55:22;2025:55:21,FRE:2018:2025:118:66
FRE,11,Tobyn_Murray,2025,national,40,,
GEE,15,George_Stevens,2023,national,58,,GEE:2025:2025:2:1
GEE,10,Mitch_Knevitt,2021,national,25,2023:50:8,GEE:2022:2025:21:5
GEE,1,Rhys_Stanley,2008,national,47,2021:63:19;2022:64:20;2023:61:13;2024:60:14;2025:61:19,SKN:2010:2014:58:40;GEE:2015:2025:171:75
GCS,15,Noah_Anderson,2019,national,2,2021:72:20;2022:86:21;2023:92:23;2024:84:23;2025:91:25,GCS:2020:2025:129:54
GCS,2,John_Noble,2019,midseason,14,2021:57:22;2022:60:25;2023:65:23;2024:62:20;2025:79:25,COL:2019:2024:112:8;GCS:2025:2025:25:3
GCS,11,Touk_Miller,2014,national,29,2021:85:21;2022:93:22;2023:72:13;2024:75:18;2025:79:23,GCS:2015:2025:214:71
GCS,6,Bodhi_Uwland,2021,rookie,37,2024:70:21;2025:73:25,GCS:2023:2025:49:1
GCS,18,Matt_Rowell,2019,national,1,2021:61:12;2022:79:22;2023:85:23;2024:88:23;2025:96:25,GCS:2020:2025:110:35
GCS,3,Christian_Petracca,2014,national,2,2021:91:25;2022:89:24;2023:93:25;2024:78:13;2025:83:23,MEL:2016:2025:212:202
GCS,1,Mac_Andrew,2021,national,5,2023:58:17;2024:63:20;2025:73:24,GCS:2022:2025:65:12
GCS,17,Daniel_Rioli,2015,national,15,2021:49:19;2022:63:23;2023:69:23;2024:62:23;2025:60:20,RIC:2016:2024:183:109;GCS:2025:2025:20:8
GCS,16,Joel_Jeffrey,,,,2024:55:12;2025:75:25,GCS:2021:2025:53:21
GCS,27,Wil_Powell,2017,national,19,2021:73:22;2022:60:12;2023:71:18;2024:70:18;2025:72:25,GCS:2018:2025:130:16
GCS,8,Leo_Lombard,2024,national,9,,GCS:2025:2025:4:1
GCS,25,Sam_Collins,2015,national,55,2021:75:19;2022:73:22;2023:71:23;2024:73:23;2025:69:22,FRE:2016:2017:14:0;GCS:2019:2025:135:0
GCS,19,Bailey_Humphrey,2022,national,6,2023:57:19;2024:46:21;2025:61:23,GCS:2023:2025:63:50
GCS,32,Zeke_Uwland,2025,national,2,,
GCS,22,Ben_Long,2016,national,25,2021:52:15;2022:56:19;2023:57:15;2024:63:17;2025:80:24,SKN:2017:2022:79:31;GCS:2023:2025:56:71
GCS,33,Sam_Clohesy,2023,rookie,4,2024:54:20;2025:52:14,GCS:2024:2025:34:10
GCS,34,Ben_King,2018,national,6,2021:75:22;2023:75:20;2024:79:22;2025:81:25,GCS:2019:2025:120:255
GCS,14,Lachie_Weller,2014,national,13,2021:57:13;2022:71:11;2023:60:9;2025:54:19,FRE:2015:2017:47:17;GCS:2018:2025:114:33
GCS,38,Beau_Addinsall,2025,national,18,,
GCS,23,Ned_Moyle,2021,midseason,5,2024:59:8,GCS:2023:2025:13:2
GCS,20,Ethan_Read,2023,national,9,2025:53:21,GCS:2024:2025:25:22
GCS,4,Jed_Walter,2023,national,3,2024:45:14;2025:53:16,GCS:2024:2025:30:29
GCS,28,Jarrod_Witts,2011,national,67,2022:71:22;2023:68:21;2024:68:16;2025:71:24,COL:2013:2016:40:18;GCS:2017:2025:165:27
GCS,26,Will_Graham,2023,national,26,2024:54:17;2025:52:8,GCS:2024:2025:25:18
GCS,48,Oscar_Adams,2021,national,51,2025:52:8,GCS:2025:2025:8:0
GCS,35,Jai_Murray,2025,national,17,,
GCS,39,Lachlan_Gulbin,,,,,GCS:2025:2025:1:0
GCS,5,Alex_Davies,,,,2022:54:15;2023:58:9;2025:62:8,GCS:2021:2025:40:12
GCS,10,Charlie_Ballard,2017,national,42,2021:65:21;2022:66:18;2023:68:23;2024:64:23,GCS:2018:2025:134:3
GCS,29,Jake_Rogers,2023,national,14,2024:49:9;2025:45:9,GCS:2024:2025:18:6
GCS,7,Nick_Holman,2013,national,51,2021:52:16;2022:57:20;2023:54:19;2024:50:21;2025:46:16,CAR:2014:2015:9:0;GCS:2018:2025:138:78
GCS,44,Ben_Jepson,2025,rookie,10,,GCS:2025:2025:1:0
GCS,30,Dylan_Patterson,2025,national,5,,
GCS,9,Jamarra_Ugle-Hagan,2020,national,1,2022:58:17;2023:76:23;2024:80:22,WBD:2021:2024:67:103
GCS,50,Jy_Farrar,2019,national,60,2021:56:10;2022:59:14;2023:50:9;2025:56:8,GCS:2020:2025:42:13
GCS,45,Caleb_Lewis,2025,midseason,14,,
GWS,10,Clayton_Oliver,2015,national,4,2021:93:25;2022:92:23;2023:85:15;2024:76:21;2025:78:22,MEL:2016:2025:205:58
GWS,7,Lachie_Ash,,,,2021:61:23;2022:58:21;2023:73:26;2024:65:19;2025:86:24,GWS:2020:2025:125:8
GWS,6,Lachie_Whitfield,2012,national,1,2021:77:17;2022:60:18;2023:82:24;2024:86:25;2025:76:23,GWS:2013:2025:257:71
GWS,17,Finn_Callaghan,2021,national,3,2023:55:21;2024:69:24;2025:82:21,GWS:2022:2025:71:13
GWS,39,Connor_Idun,2018,national,61,2021:60:23;2022:61:16;2023:77:26;2024:77:25;2025:77:24,GWS:2019:2025:117:0
GWS,4,Toby_Greene,2011,national,11,2021:83:18;2022:83:15;2023:92:24;2024:76:24;2025:82:22,GWS:2012:2025:261:416
GWS,1,Harvey_Thomas,2023,national,59,2024:50:22;2025:48:18,GWS:2024:2025:40:18
GWS,27,Harry_Himmelberg,2015,national,16,2021:68:24;2022:79:22;2023:70:25;2024:86:25;2025:84:24,GWS:2016:2025:201:164
GWS,37,Joe_Fonti,2023,national,44,2025:57:17,GWS:2024:2025:22:0
GWS,3,Stephen_Coniglio,2011,national,2,2022:76:21;2023:80:25;2024:65:15;2025:57:10,GWS:2012:2025:227:124
GWS,9,Ryan_Angwin,2020,national,18,2023:45:15;2025:56:10,GWS:2022:2025:30:3
GWS,20,Jake_Stringer,2025,national,59,2021:78:19;2022:58:15;2023:56:17;2024:72:23;2025:59:15,WBD:2013:2017:89:160;ESS:2018:2024:123:207;GWS:2025:2025:15:25
GWS,25,Jayden_Laverde,2014,national,20,2021:61:23;2022:62:22;2023:62:19;2024:64:21;2025:66:14,ESS:2015:2025:145:38
GWS,14,Toby_Bedford,2018,national,75,2022:36:16;2023:55:19;2024:52:23;2025:53:23,MEL:2020:2022:18:9;GWS:2023:2025:65:39
GWS,11,Phoenix_Gothard,2023,national,12,,
GWS,33,Xavier_OHalloran,2018,national,22,2021:46:17;2022:44:14;2023:51:15;2024:49:19;2025:60:23,GWS:2020:2025:90:34
GWS,32,Kieren_Briggs,2018,national,34,2023:72:17;2024:72:24;2025:63:20,GWS:2021:2025:70:14
GWS,5,Aaron_Cadman,2022,national,1,2023:42:12;2024:57:23;2025:82:24,GWS:2023:2025:59:80
GWS,24,Harry_Rowston,2022,national,16,2025:47:10,GWS:2023:2025:17:6
GWS,46,Callum_Brown1,2016,national,35,2022:52:8;2023:56:19;2024:57:13;2025:58:22,GWS:2021:2025:64:67
GWS,16,Brent_Daniels,2017,national,27,2021:54:13;2023:58:20;2024:64:24,GWS:2018:2025:112:72
GWS,15,Sam_Taylor,2017,national,28,2021:79:19;2022:85:22;2023:78:18;2024:70:18;2025:82:20,GWS:2018:2025:131:2
GWS,35,Max_Gruzewski,2022,national,22,,GWS:2024:2025:11:13
GWS,18,Conor_Stone,2020,national,15,,GWS:2021:2025:20:4
GWS,41,Nick_Madden,,,,,GWS:2025:2025:3:0
GWS,26,Jake_Riccardi,2019,national,51,2021:44:9;2022:56:15;2023:65:21;2024:72:19;2025:60:20,GWS:2020:2025:89:110
GWS,44,Jack_Buckley1,,,,2021:60:15;2023:78:26;2024:78:23;2025:70:19,GWS:2020:2025:85:1
GWS,38,Josaia_Delana,,,,,GWS:2025:2025:3:0
GWS,31,Toby_McMullin,2022,national,34,2024:41:14;2025:46:11,GWS:2023:2025:28:8
GWS,23,Jesse_Hogan,,,,2021:74:9;2022:86:18;2023:86:23;2024:91:25;2025:84:16,MEL:2015:2018:71:152;FRE:2019:2020:19:18;GWS:2021:2025:91:227
GWS,43,Riley_Hamilton,,,,,
GWS,30,James_Leake,2023,national,17,,GWS:2025:2025:3:1
GWS,21,Leek_Aleer,2021,national,15,2024:58:8;2025:55:13,GWS:2022:2025:25:0
GWS,28,Jack_Ough,2024,national,36,,
GWS,19,Harrison_Oliver,2024,national,19,,
GWS,13,Oliver_Hannaford,2024,national,18,,
GWS,29,Cody_Angove,2024,national,24,,GWS:2025:2025:4:1
HAW,3,Jai_Newcombe,2021,midseason,2,2022:76:22;2023:85:22;2024:86:25;2025:85:26,HAW:2021:2025:102:43
HAW,25,Josh_Ward,2021,national,7,2022:59:14;2023:54:16;2024:51:12;2025:68:25,HAW:2022:2025:67:8
HAW,9,Connor_Macdonald,2021,national,26,2022:49:20;2023:53:21;2024:60:25;2025:56:24,HAW:2022:2025:90:71
HAW,4,Jarman_Impey,2013,national,21,2021:66:13;2022:51:16;2023:60:22;2024:70:25;2025:72:24,PAD:2014:2017:75:34;HAW:2018:2025:146:34
HAW,6,James_Sicily,2013,national,56,2022:94:22;2023:92:19;2024:82:22;2025:87:23,HAW:2015:2025:179:76
HAW,16,Massimo_DAmbrosio,2022,midseason,3,2022:49:8;2023:47:8;2024:60:24;2025:57:26,ESS:2022:2023:16:5;HAW:2024:2025:50:12
HAW,28,Cam_Mackenzie,,,,2023:51:14;2024:56:20;2025:60:12,HAW:2023:2025:46:12
HAW,24,Josh_Battle,2016,national,39,2021:52:16;2022:62:21;2023:61:23;2024:70:23;2025:76:26,SKN:2017:2024:123:30;HAW:2025:2025:26:0
HAW,33,Jack_Ginnivan,2020,rookie,13,2022:59:23;2023:49:14;2024:60:23;2025:60:25,COL:2021:2023:42:58;HAW:2024:2025:48:57
HAW,8,Dylan_Moore,2017,national,67,2021:59:20;2022:66:22;2023:62:23;2024:77:25;2025:65:26,HAW:2019:2025:126:133
HAW,15,Blake_Hardwick,2015,national,44,2021:75:20;2022:63:22;2023:77:23;2024:62:25;2025:62:26,HAW:2016:2025:198:32
HAW,10,Karl_Amon,2013,national,68,2021:63:24;2022:66:22;2023:62:21;2024:73:25;2025:74:25,PAD:2015:2022:124:55;HAW:2023:2025:71:17
HAW,23,Josh_Weddle,2022,national,18,2023:59:17;2024:64:25;2025:69:18,HAW:2023:2025:60:23
HAW,5,Nick_Watson,2023,national,5,2024:57:18;2025:58:25,HAW:2024:2025:43:61
HAW,2,Mitch_Lewis,,,,2021:65:14;2022:82:15;2023:82:15;2025:54:8,HAW:2018:2025:78:133
HAW,17,Lloyd_Meek,2017,national,69,2021:53:9;2023:56:16;2024:66:21;2025:72:25,FRE:2021:2022:15:3;HAW:2023:2025:62:21
HAW,12,Will_Day,2019,national,13,2022:58:17;2023:76:21;2024:68:16,HAW:2020:2025:76:19
HAW,1,Harry_Morrison,2016,national,74,2021:49:15;2022:58:21;2023:52:13;2024:53:12;2025:55:20,HAW:2017:2025:123:30
HAW,19,Jack_Gunston,2009,national,29,2022:73:16;2023:61:17;2024:70:18;2025:84:23,ADE:2010:2011:14:20;HAW:2012:2022:211:410;BRL:2023:2023:17:22;HAW:2024:2025:41:102
HAW,11,Conor_Nash,,,,2021:54:8;2022:63:21;2023:71:23;2024:70:25;2025:68:22,HAW:2018:2025:120:22
HAW,18,Mabior_Chol,2018,rookie,45,2021:52:10;2022:70:22;2023:53:8;2024:69:23;2025:76:24,RIC:2016:2021:31:24;GCS:2022:2023:30:54;HAW:2024:2025:47:79
HAW,37,Tom_Barrass,2013,national,43,2021:68:16;2022:78:19;2023:66:14;2024:72:18;2025:62:25,WCE:2015:2024:150:1;HAW:2025:2025:25:0
HAW,42,Bailey_Macdonald,2022,national,51,,HAW:2023:2025:8:1
HAW,7,Ned_Reeves,,,,2022:60:12;2023:61:21,HAW:2021:2025:43:11
HAW,14,Jack_Scrimshaw,2016,national,7,2021:61:20;2022:63:20;2023:60:16;2024:68:24;2025:59:16,GCS:2017:2017:4:0;HAW:2019:2025:119:11
HAW,30,Sam_Butler1,2021,national,23,2022:49:9;2023:49:8,HAW:2022:2025:25:15
HAW,20,Finn_Maginness,2019,national,29,2022:50:16;2023:42:13;2024:49:13;2025:50:13,HAW:2020:2025:58:14
HAW,39,Flynn_Perez,2019,national,35,2022:54:16,NTH:2020:2023:24:1
HAW,21,Noah_Mraz,2024,national,35,,
HAW,34,Jack_Dalton1,2025,national,34,,
HAW,22,Cameron_Nairn,2025,national,20,,
HAW,26,Bodie_Ryan,2023,national,46,,
HAW,35,Ollie_Greeves,,,,,
HAW,13,Calsher_Dear,2023,national,56,2024:59:17;2025:54:9,HAW:2024:2025:26:35
HAW,27,Will_McCabe,2023,national,19,,
HAW,40,Max_Beattie,,,,,
HAW,44,Henry_Hustwaite,2022,national,37,,HAW:2023:2025:10:2
HAW,38,Max_Ramsden,2022,midseason,6,,HAW:2023:2025:9:5
HAW,41,Matt_Hill,,,,,
HAW,29,Aidan_Schubert,2025,national,23,,
MEL,9,Jack_Steele,2014,national,24,2021:92:22;2022:83:18;2023:80:21;2024:79:23;2025:72:21,GWS:2015:2016:17:9;SKN:2017:2025:185:61
MEL,36,Kysaiah_Pickett,2019,national,12,2021:59:25;2022:60:23;2023:60:23;2024:63:21;2025:78:20,MEL:2020:2025:126:201
MEL,32,Tom_Sparrow,2018,national,27,2021:45:21;2022:60:23;2023:59:23;2024:56:21;2025:51:22,MEL:2019:2025:117:44
MEL,11,Max_Gawn,2009,national,34,2021:83:25;2022:83:22;2023:78:22;2024:82:21;2025:88:23,MEL:2011:2025:247:115
MEL,15,Ed_Langdon,2014,national,54,2021:60:24;2022:65:23;2023:59:25;2024:61:22;2025:56:23,FRE:2015:2019:68:33;MEL:2020:2025:134:51
MEL,12,Koltyn_Tholstrup,2023,national,13,2024:52:10;2025:46:9,MEL:2024:2025:19:8
MEL,17,Jake_Bowey,2020,national,21,2022:55:17;2023:56:23;2024:54:14;2025:67:23,MEL:2021:2025:84:8
MEL,4,Harvey_Langford,2024,national,6,2025:61:22,MEL:2025:2025:22:14
MEL,37,Kade_Chandler,2018,rookie,15,2023:56:23;2024:51:23;2025:57:23,MEL:2019:2025:79:60
MEL,24,Trent_Rivers,2019,national,32,2021:58:25;2022:54:18;2023:65:25;2024:65:23;2025:59:23,MEL:2020:2025:123:13
MEL,8,Jake_Lever,2014,national,14,2021:86:25;2022:62:19;2023:66:24;2024:68:18;2025:56:8,ADE:2015:2017:56:3;MEL:2018:2025:130:2
MEL,6,Caleb_Windsor,2023,national,7,2024:53:19;2025:53:17,MEL:2024:2025:36:10
MEL,30,Harry_Sharp,2020,national,43,2025:38:18,BRL:2021:2024:16:4;MEL:2025:2025:18:8
MEL,22,Blake_Howes,2021,national,39,2024:56:16;2025:50:12,MEL:2024:2025:28:1
MEL,10,Daniel_Turner,2021,midseason,24,2024:57:15;2025:61:19,MEL:2022:2025:37:24
MEL,31,Bayley_Fritsch,2017,national,31,2021:79:24;2022:72:24;2023:76:17;2024:69:23;2025:73:22,MEL:2018:2025:171:288
MEL,2,Jacob_van_Rooyen,2021,national,19,2023:60:20;2024:62:21;2025:54:16,MEL:2023:2025:57:74
MEL,14,Changkuoth_Jiath,,,,2021:71:16;2022:70:14;2023:56:8;2024:54:11;2025:55:20,HAW:2019:2025:76:5
MEL,47,Joel_Fitzgerald,,,,,
MEL,16,Bailey_Laurie,2020,national,22,,MEL:2023:2025:12:2
MEL,35,Harry_Petty,,,,2021:59:19;2022:66:18;2023:55:14;2024:54:20;2025:57:19,MEL:2018:2025:101:48
MEL,3,Christian_Salem,2013,national,9,2021:77:24;2022:58:13;2023:61:16;2024:60:17;2025:65:23,MEL:2014:2025:199:27
MEL,33,Latrelle_Pickett,2025,national,12,,
MEL,21,Matthew_Jefferson,2022,national,15,,MEL:2025:2025:7:4
MEL,25,Tom_McDonald,2010,national,53,2021:73:23;2022:60:9;2023:53:8;2024:82:22;2025:68:17,MEL:2011:2025:249:170
MEL,5,Xavier_Lindsay,2024,national,11,2025:46:18,MEL:2025:2025:18:2
MEL,41,Paddy_Cross,,,,,
MEL,13,Jai_Culley,2022,midseason,1,,WCE:2022:2024:12:7;MEL:2025:2025:4:3
MEL,28,Brody_Mihocek,2017,rookie,22,2021:72:21;2022:72:23;2023:79:24;2024:61:11;2025:65:22,COL:2018:2025:159:267
MEL,18,Jake_Melksham,2009,national,10,2021:46:12;2022:57:11;2023:61:13;2024:54:8;2025:70:19,ESS:2010:2015:114:57;MEL:2017:2025:134:164
MEL,27,Max_Heath,2021,midseason,7,,SKN:2025:2025:4:3
MEL,19,Xavier_Taylor,2025,national,11,,
MEL,46,Lukas_Cooke,,,,,
MEL,45,Andy_Moniz-Wakefield,,,,,MEL:2024:2024:6:0
MEL,44,Luker_Kentfield,2024,midseason,11,,
MEL,7,Jack_Viney,2012,national,26,2021:74:15;2022:82:22;2023:88:24;2024:77:23;2025:74:18,MEL:2013:2025:237:70
MEL,42,Aidan_Johnson,2024,national,68,,MEL:2025:2025:5:3
NTH,3,Harry_Sheezel,2022,national,3,2023:79:23;2024:78:21;2025:73:23,NTH:2023:2025:67:25
NTH,5,Caleb_Daniel,2014,national,46,2021:66:25;2022:66:19;2023:66:23;2024:50:16;2025:67:23,WBD:2015:2024:192:49;NTH:2025:2025:23:0
NTH,26,Luke_Parker,2010,national,40,2021:88:23;2022:86:25;2023:80:23;2024:56:10;2025:75:22,SYD:2011:2024:293:213;NTH:2025:2025:22:12
NTH,9,Luke_Davies-Uniacke,2017,national,4,2021:72:20;2022:83:21;2023:89:14;2024:88:23;2025:85:22,NTH:2018:2025:130:49
NTH,12,Jy_Simpkin,2016,national,12,2021:76:22;2022:80:21;2023:69:18;2024:72:18;2025:73:21,NTH:2017:2025:173:74
NTH,10,Colby_McKercher,2023,national,2,2024:62:16;2025:59:23,NTH:2024:2025:39:12
NTH,15,Dylan_Stephens,2019,national,5,2022:53:15;2023:51:13;2024:48:16;2025:51:22,SYD:2020:2023:43:11;NTH:2024:2025:38:6
NTH,2,Finn_OSullivan,2024,national,2,2025:55:22,NTH:2025:2025:22:1
NTH,44,Cameron_Zurhaar,2016,rookie,11,2021:62:20;2022:63:19;2023:57:16;2024:62:22;2025:69:22,NTH:2017:2025:143:200
NTH,38,Tristan_Xerri,2017,national,72,2021:43:8;2022:59:12;2023:57:9;2024:76:23;2025:76:20,NTH:2020:2025:76:25
NTH,39,Tom_Blamires,,,,,
NTH,11,Luke_McDonald,2013,national,8,2021:57:11;2022:79:22;2023:74:22;2024:61:22;2025:61:15,NTH:2014:2025:218:18
NTH,6,George_Wardlaw,2022,national,4,2023:59:8;2024:71:18;2025:61:13,NTH:2023:2025:39:12
NTH,30,Charlie_Comben,2019,national,31,2024:66:19;2025:64:20,NTH:2021:2025:48:8
NTH,25,Paul_Curtis,2021,national,35,2022:53:15;2023:51:21;2024:59:23;2025:74:19,NTH:2022:2025:78:97
NTH,13,Charlie_Spargo,2017,national,29,2021:51:25;2022:46:24;2023:48:14;2025:48:10,MEL:2018:2025:108:64
NTH,27,Jack_Darling,2010,national,26,2021:86:22;2022:74:21;2023:60:20;2024:58:21;2025:59:22,WCE:2011:2024:298:532;NTH:2025:2025:22:24
NTH,20,Nick_Larkey,2016,national,73,2021:74:22;2022:72:20;2023:84:23;2024:78:23;2025:80:17,NTH:2017:2025:134:278
NTH,47,Cooper_Trembath,2025,midseason,10,,NTH:2025:2025:3:9
NTH,4,Aidan_Corr,2012,national,14,2022:72:20;2023:71:19;2024:70:23;2025:59:10,GWS:2013:2020:98:2;NTH:2021:2025:74:1
NTH,19,Griffin_Logue,2016,national,8,2021:61:16;2022:64:20;2023:60:15;2025:61:16,FRE:2017:2022:64:9;NTH:2023:2025:33:2
NTH,37,Cooper_Harvey,2022,national,56,,NTH:2023:2025:10:11
NTH,24,Tom_Powell,2020,national,13,2021:54:13;2022:57:18;2023:55:14;2024:66:23;2025:68:23,NTH:2021:2025:91:31
NTH,7,Zane_Duursma,2023,national,4,2024:46:13;2025:42:10,NTH:2024:2025:23:13
NTH,41,Jacob_Konstanty,2022,national,20,2025:43:23,NTH:2025:2025:23:11
NTH,17,Riley_Hardeman,2023,national,23,2025:53:17,NTH:2024:2025:20:0
NTH,31,Josh_Goater,2021,national,22,2023:53:10,NTH:2022:2024:12:0
NTH,45,Zac_Banch,2025,midseason,2,,NTH:2025:2025:4:1
NTH,32,Toby_Pink,2024,rookie,1,2024:45:15;2025:62:17,NTH:2024:2025:32:7
NTH,18,Wil_Dawson,2023,national,22,,NTH:2024:2025:8:0
NTH,1,Lachy_Dovaston,2025,national,16,,
NTH,21,Callum_Coleman-Jones,2017,national,20,2021:46:8;2022:49:10;2023:43:9,RIC:2019:2021:9:11;NTH:2022:2025:23:9
NTH,8,Bailey_Scott,2018,national,49,2021:48:17;2022:59:21;2023:69:23;2024:62:23;2025:48:12,NTH:2019:2025:113:35
NTH,35,Matt_Whitlock,2024,national,27,,NTH:2025:2025:2:1
NTH,16,Zac_Fisher,2016,national,27,2021:55:10;2022:58:22;2023:54:12;2024:60:18,CAR:2017:2023:107:53;NTH:2024:2025:25:2
NTH,22,Taylor_Goad,2023,national,20,,
PAD,9,Zak_Butters,2018,national,12,2021:61:12;2022:72:20;2023:88:25;2024:86:26;2025:90:20,PAD:2019:2025:139:68
PAD,7,Jase_Burgoyne,2021,national,60,2022:52:8;2024:58:23;2025:58:20,PAD:2022:2025:56:10
PAD,18,Jason_Horne-Francis,2021,national,1,2022:66:17;2023:78:24;2024:85:24;2025:75:15,NTH:2022:2022:17:4;PAD:2023:2025:63:57
PAD,33,Darcy_Byrne-Jones,2013,national,52,2021:62:24;2022:58:21;2023:51:23;2024:54:26;2025:54:22,PAD:2016:2025:221:72
PAD,28,Willem_Drew,2016,national,33,2021:67:24;2022:66:22;2023:68:25;2024:69:26;2025:67:23,PAD:2019:2025:130:21
PAD,16,Ollie_Wines,2012,national,7,2021:93:24;2022:84:21;2023:69:25;2024:79:25;2025:77:20,PAD:2013:2025:273:103
PAD,35,Joe_Richards,2022,national,48,2024:48:9;2025:54:22,COL:2024:2024:9:6;PAD:2025:2025:22:15
PAD,21,Aliir_Aliir,2013,national,44,2021:85:24;2022:71:19;2023:76:24;2024:71:25;2025:70:22,SYD:2016:2020:64:5;PAD:2021:2025:114:1
PAD,22,Logan_Evans,2024,midseason,12,2024:59:13;2025:53:10,PAD:2024:2025:23:3
PAD,5,Joe_Berry,2024,national,15,2025:44:12,PAD:2025:2025:12:3
PAD,24,Jordon_Sweet,2018,rookie,23,2024:62:17;2025:62:19,WBD:2021:2022:11:2;PAD:2024:2025:36:8
PAD,14,Miles_Bergman,2019,national,14,2021:48:23;2022:53:10;2023:61:24;2024:66:26;2025:74:19,PAD:2021:2025:102:26
PAD,19,Mitch_Georgiades,2019,national,18,2021:68:21;2022:62:19;2024:80:20;2025:85:23,PAD:2020:2025:92:167
PAD,34,Lachie_Jones,2020,national,16,2022:54:14;2023:56:15;2024:53:21;2025:56:18,PAD:2021:2025:74:7
PAD,6,Kane_Farrell,2017,national,51,2021:47:10;2022:59:16;2023:61:22;2024:72:22;2025:69:21,PAD:2018:2025:114:49
PAD,43,Josh_Lai,,,,,
PAD,15,Jacob_Wehr,2020,national,59,2022:51:10;2024:49:11;2025:52:14,GWS:2022:2025:39:7
PAD,44,Corey_Durdin,2020,national,37,2022:44:21;2023:46:11;2024:39:14;2025:50:16,CAR:2021:2025:64:48
PAD,17,Jack_Whitlock,2024,national,33,,PAD:2025:2025:4:4
PAD,11,Christian_Moraes,2024,national,38,2025:43:14,PAD:2025:2025:14:2
PAD,31,Ewan_Mackinlay,2025,midseason,11,,PAD:2025:2025:1:1
PAD,4,Todd_Marshall,2016,national,16,2021:60:21;2022:84:21;2023:73:21;2024:65:19,PAD:2017:2024:116:159
PAD,37,Jack_Watkins,2025,rookie,4,,
PAD,3,Jackson_Mead,2019,national,25,2022:47:11;2024:53:26;2025:48:20,PAD:2022:2025:64:12
PAD,46,Xavier_Bamert,,,,,
PAD,38,Dante_Visentini,2021,national,56,2025:54:8,PAD:2023:2025:14:2
PAD,12,Jack_Lukosius,2018,national,2,2021:76:22;2022:53:13;2023:82:22;2024:60:21,GCS:2019:2024:116:79;PAD:2025:2025:7:8
PAD,27,Esava_Ratugolea,2016,national,43,2021:53:15;2023:59:16;2024:61:23;2025:67:13,GEE:2018:2023:75:38;PAD:2024:2025:36:4
PAD,29,Tom_Anastasopoulos,,,,,
PAD,36,Will_Lorenz,2023,national,57,,PAD:2024:2025:8:2
PAD,39,Mitch_Zadow,,,,,
PAD,1,Connor_Rozee,2018,national,5,2021:59:21;2022:74:22;2023:79:25;2024:74:23;2025:73:21,PAD:2019:2025:150:124
PAD,41,Balyn_OBrien,,,,,
PAD,23,Will_Brodie,2016,national,9,2022:84:24,GCS:2017:2021:25:3;FRE:2022:2023:29:7
PAD,32,Harrison_Ramm,2025,midseason,3,,PAD:2025:2025:1:0
PAD,25,Brandon_Zerk-Thatcher,2017,national,66,2022:61:12;2023:68:22;2024:62:26;2025:60:13,ESS:2019:2023:51:0;PAD:2024:2025:39:0
PAD,47,Alex_Van_Wyk,,,,,
PAD,26,Tom_Cochrane,2024,rookie,13,,PAD:2025:2025:3:2
PAD,30,Ollie_Lord,2020,national,49,2023:53:13;2025:50:15,PAD:2023:2025:34:33
RIC,14,Tim_Taranto,2016,national,2,2021:78:24;2022:73:16;2023:89:23;2024:77:15;2025:86:21,GWS:2017:2022:114:48;RIC:2023:2025:59:40
RIC,15,Jayden_Short,,,,2021:74:22;2022:67:23;2023:65:16;2024:60:22;2025:61:15,RIC:2016:2025:190:38
RIC,5,Jack_Ross3,2018,national,43,2021:42:15;2022:54:15;2023:57:19;2025:64:23,RIC:2019:2025:93:19
RIC,44,Seth_Campbell,2022,rookie,12,2024:50:21;2025:56:22,RIC:2024:2025:43:38
RIC,1,Nick_Vlastuin,2012,national,9,2021:69:12;2022:80:17;2023:79:21;2024:75:22;2025:74:22,RIC:2013:2025:255:29
RIC,33,Patrick_Retschko,2024,rookie,23,,
RIC,3,Dion_Prestia,2010,national,9,2021:63:9;2022:85:19;2023:70:20;2024:65:13;2025:65:12,GCS:2011:2016:95:30;RIC:2017:2025:142:47
RIC,35,Nathan_Broad,2015,national,67,2021:62:14;2022:77:23;2023:73:19;2024:62:22;2025:64:22,RIC:2016:2025:170:4
RIC,24,Sam_Grlj,2025,national,8,,
RIC,6,Sam_Banks,2021,national,29,2024:46:15;2025:59:22,RIC:2023:2025:43:6
RIC,12,Ben_Miller,2017,national,63,2022:60:11;2023:41:13;2024:74:21;2025:73:23,RIC:2021:2025:69:9
RIC,30,Tom_Brown,2021,national,17,2024:52:18;2025:59:23,RIC:2023:2025:42:10
RIC,2,Jacob_Hopper,2015,national,7,2021:86:23;2023:67:16;2024:67:12;2025:80:23,GWS:2016:2022:114:42;RIC:2023:2025:51:16
RIC,40,Tyler_Sonsie,2021,national,28,2024:47:14;2025:49:16,RIC:2022:2025:40:10
RIC,36,James_Trezise,2023,midseason,13,2025:47:16,RIC:2023:2025:24:3
RIC,48,Steely_Green,2022,national,55,2025:42:19,RIC:2024:2025:25:16
RIC,22,Sam_Cumming,2025,national,7,,
RIC,21,Noah_Balta,2017,national,25,2021:58:14;2022:57:18;2023:82:23;2024:60:19;2025:58:13,RIC:2019:2025:117:41
RIC,25,Toby_Nankervis,2013,national,35,2021:68:16;2022:69:23;2023:65:15;2024:71:21;2025:70:22,SYD:2015:2016:12:3;RIC:2017:2025:167:42
RIC,28,Kane_McAuliffe,2023,national,40,2024:51:9,RIC:2024:2025:14:0
RIC,13,Hugo_Ralphsmith,2019,national,46,2022:54:13;2023:44:13;2024:53:18;2025:53:12,RIC:2021:2025:62:21
RIC,4,Sam_Lalor,2024,national,1,2025:53:11,RIC:2025:2025:11:11
RIC,42,Mykelti_Lefau,,,,2024:57:10,RIC:2024:2025:11:14
RIC,11,Luke_Trainor1,2024,national,21,2025:54:21,RIC:2025:2025:21:1
RIC,19,Tom_Lynch1,2008,national,13,2021:77:18;2022:92:19;2025:72:16,GCS:2011:2018:131:254;RIC:2019:2025:105:234
RIC,10,Taj_Hotton,2024,national,12,,RIC:2025:2025:7:3
RIC,41,Kye_Annand,,,,,
RIC,50,Campbell_Gray,2024,midseason,16,,RIC:2025:2025:3:0
RIC,8,Jonty_Faull,2024,national,14,2025:50:16,RIC:2025:2025:16:9
RIC,47,Oliver_Hayes-Brown,,,,,
RIC,17,Maurice_Rioli1,,,,2022:51:15;2023:42:10;2024:50:9;2025:50:13,RIC:2021:2025:49:31
RIC,7,Rhyan_Mansell,,,,2021:54:13;2023:41:17;2024:55:21;2025:53:20,RIC:2021:2025:73:50
RIC,29,Jasper_Alger,2024,national,58,,RIC:2025:2025:4:2
RIC,45,Tom_Burton,,,,,
RIC,32,Samson_Ryan,2020,national,40,2023:49:14;2024:40:8,RIC:2021:2025:25:15
RIC,43,Liam_Fawcett,2023,national,43,,RIC:2025:2025:1:1
RIC,23,Judson_Clarke,2021,national,30,2023:47:13,RIC:2022:2024:17:14
RIC,27,Noah_Roberts-Thomson,2025,national,54,,
RIC,26,Zane_Peucker,2025,national,31,,
RIC,34,Harry_Armstrong,2024,national,23,2025:51:8,RIC:2025:2025:8:6
RIC,18,Josh_Gibcus,2021,national,9,2022:60:18,RIC:2022:2025:21:3
SKN,8,Bradley_Hill,2011,national,33,2021:61:22;2022:58:21;2023:54:22;2024:56:22;2025:58:22,HAW:2012:2016:95:58;FRE:2017:2019:54:21;SKN:2020:2025:128:30
SKN,34,Hugo_Garcia,2023,national,50,2024:48:9;2025:62:17,SKN:2024:2025:26:5
SKN,40,Max_Hall,2024,midseason,4,2025:56:23,SKN:2025:2025:23:23
SKN,2,Marcus_Windhager,2021,national,47,2022:48:18;2023:49:19;2024:65:15;2025:67:23,SKN:2022:2025:75:10
SKN,44,Callum_Wilkie,2018,rookie,3,2021:71:22;2022:78:22;2023:86:24;2024:84:23;2025:80:23,SKN:2019:2025:155:1
SKN,7,Nasiah_Wanganeen-Milera,2021,national,11,2022:53:17;2023:72:24;2024:85:22;2025:77:23,SKN:2022:2025:86:23
SKN,22,Darcy_Wilson,2023,national,18,2024:54:23;2025:53:18,SKN:2024:2025:41:30
SKN,35,Jack_Sinclair,,,,2021:67:21;2022:90:22;2023:76:24;2024:72:22;2025:84:23,SKN:2015:2025:210:69
SKN,19,Rowan_Marshall,2016,rookie,10,2021:61:13;2022:71:21;2023:78:24;2024:82:23;2025:71:23,SKN:2017:2025:156:78
SKN,25,Mattaes_Phillipou,2022,national,10,2023:55:24;2024:55:13,SKN:2023:2025:44:25
SKN,32,Mason_Wood,2012,national,41,2021:46:9;2022:59:19;2023:62:24;2024:63:18;2025:62:21,NTH:2014:2020:65:76;SKN:2021:2025:91:73
SKN,3,Jack_Silvagni,2015,national,53,2021:52:15;2022:58:21;2023:57:16;2025:69:13,CAR:2016:2025:128:89
SKN,9,Sam_Flanders,2019,national,11,2021:49:16;2022:48:9;2023:66:14;2024:75:22;2025:61:23,GCS:2020:2025:89:37
SKN,10,Mitch_Owens,,,,2023:64:23;2024:56:23;2025:61:19,SKN:2022:2025:72:74
SKN,6,Jack_Macrae,2012,national,6,2021:86:26;2022:84:23;2023:72:22;2024:58:19;2025:82:21,WBD:2013:2024:249:59;SKN:2025:2025:21:1
SKN,14,Liam_Stocker,2018,national,19,2021:57:17;2023:59:23;2024:55:16;2025:54:17,CAR:2019:2022:28:2;SKN:2023:2025:56:0
SKN,21,Tom_De_Koning,2017,national,30,2021:56:13;2022:60:19;2023:59:19;2024:61:18;2025:71:22,CAR:2018:2025:100:36
SKN,13,Ryan_Byrnes,2025,national,58,2021:50:16;2022:41:11;2023:54:20;2024:50:15;2025:54:17,SKN:2020:2025:80:15
SKN,43,Cooper_Sharman,2021,midseason,21,2022:51:10;2023:54:16;2024:57:18;2025:78:21,SKN:2021:2025:70:80
SKN,18,Jack_Carroll1,2020,national,41,2024:45:15,CAR:2022:2024:21:5;SKN:2025:2025:3:0
SKN,1,Jack_Higgins,2017,national,17,2021:62:19;2022:65:18;2023:62:22;2024:64:20;2025:63:23,RIC:2018:2020:43:29;SKN:2021:2025:102:175
SKN,38,Hugh_Boxshall,2024,national,45,2025:53:11,SKN:2025:2025:11:2
SKN,45,Liam_OConnell,,,,,SKN:2025:2025:7:0
SKN,47,Anthony_Caminiti,,,,2023:56:18;2024:57:15;2025:68:23,SKN:2023:2025:56:38
SKN,31,Liam_Ryan,2017,national,26,2021:67:14;2022:58:17;2024:55:16;2025:58:20,WCE:2018:2025:125:158
SKN,39,Campbell_Lake,,,,,
SKN,11,Hunter_Clark,2017,national,7,2021:55:13;2022:51:8;2023:61:19;2024:64:11;2025:55:13,SKN:2018:2025:111:14
SKN,16,Dan_Butler,2014,national,67,2021:50:22;2022:50:19;2023:55:24;2024:50:16,RIC:2017:2019:45:53;SKN:2020:2025:106:119
SKN,5,Tobie_Travaglia,2024,national,8,2025:42:12,SKN:2025:2025:12:2
SKN,23,Liam_Henry,2019,national,9,2021:47:17;2023:55:16;2024:55:12,FRE:2020:2023:43:13;SKN:2024:2025:18:9
SKN,24,Angus_Hastie,2023,national,33,2025:49:9,SKN:2024:2025:14:1
SKN,20,Dougal_Howard,2014,national,56,2021:77:21;2022:69:17;2023:62:18;2024:61:15,PAD:2016:2019:45:14;SKN:2020:2025:93:1
SKN,26,Alix_Tauru,2024,national,10,2025:57:10,SKN:2025:2025:10:1
SKN,36,Charlie_Banfield,2025,national,41,,
SKN,17,Isaac_Keeler,2022,national,44,2025:51:11,SKN:2025:2025:11:10
SKN,12,Max_King,2025,national,49,2021:77:20;2022:84:22;2023:77:11;2024:64:12,SKN:2020:2024:83:159
SYD,22,Nick_Blakey,2018,national,10,2021:53:17;2022:77:24;2023:87:24;2024:89:26;2025:86:23,SYD:2019:2025:151:49
SYD,5,Isaac_Heeney,2014,national,18,2021:80:21;2022:79:25;2023:64:23;2024:89:24;2025:87:23,SYD:2015:2025:224:298
SYD,14,Callum_Mills,2015,national,3,2021:81:18;2022:81:25;2023:62:20;2025:67:12,SYD:2016:2025:174:30
SYD,1,Chad_Warner,2019,national,39,2021:60:13;2022:79:24;2023:83:21;2024:80:25;2025:83:23,SYD:2020:2025:108:98
SYD,4,Brodie_Grundy,2012,national,18,2021:75:20;2023:59:17;2024:73:26;2025:78:22,COL:2013:2022:177:60;MEL:2023:2023:17:10;SYD:2024:2025:48:9
SYD,44,Jake_Lloyd,2025,rookie,7,2021:79:22;2022:77:24;2023:74:23;2024:62:26;2025:60:22,SYD:2014:2025:271:49
SYD,13,Jai_Serong,2021,national,53,,HAW:2022:2024:10:1
SYD,21,Errol_Gulden,2020,national,32,2021:56:18;2022:65:25;2023:85:24;2024:79:26;2025:67:10,SYD:2021:2025:103:75
SYD,26,Riley_Bice,2024,national,41,2025:57:16,SYD:2025:2025:16:1
SYD,30,Tom_McCartin,2017,national,33,2021:69:22;2022:66:25;2023:64:15;2024:63:22;2025:64:20,SYD:2018:2025:152:31
SYD,12,Angus_Sheldrick,2021,national,18,2025:62:20,SYD:2022:2025:29:9
SYD,34,Matt_Roberts,,,,2024:62:23;2025:67:18,SYD:2022:2025:48:4
SYD,8,James_Rowbottom,2018,national,25,2021:58:17;2022:72:24;2023:71:24;2024:75:24;2025:68:23,SYD:2019:2025:140:44
SYD,17,James_Jordon,2018,national,33,2021:50:25;2022:56:22;2023:47:18;2024:53:26;2025:61:23,MEL:2021:2023:65:17;SYD:2024:2025:49:19
SYD,15,Sam_Wicks,,,,2021:50:22;2022:48:10;2023:47:11;2024:46:16;2025:54:21,SYD:2020:2025:87:44
SYD,27,Justin_McInerney,2018,national,44,2021:55:21;2022:58:22;2023:53:19;2024:55:20;2025:64:17,SYD:2019:2025:109:45
SYD,11,Tom_Papley,2015,rookie,14,2021:69:23;2022:68:19;2023:67:23;2024:70:21;2025:57:11,SYD:2016:2025:196:304
SYD,35,Charlie_Curnow,2015,national,12,2022:91:22;2023:96:26;2024:86:21;2025:80:18,CAR:2016:2025:149:313
SYD,6,Logan_McDonald,2020,national,4,2022:53:17;2023:62:20;2024:67:26,SYD:2021:2024:70:93
SYD,24,Dane_Rampe,2013,national,90,2021:71:20;2022:70:25;2023:66:15;2024:61:21;2025:59:21,SYD:2013:2025:272:9
SYD,7,Harry_Cunningham,2012,national,107,2021:60:21;2022:51:10;2023:57:24;2024:57:23;2025:51:11,SYD:2012:2025:219:52
SYD,28,Will_Edwards,,,,,
SYD,33,Caiden_Cleary,2023,national,24,2025:46:12,SYD:2024:2025:17:3
SYD,10,Malcolm_Rosas,,,,2022:46:15;2023:46:19,GCS:2021:2025:49:46
SYD,32,Harry_Kyle,2025,national,14,,
SYD,16,Braeden_Campbell,2020,national,5,2021:51:8;2022:46:17;2023:53:23;2024:49:23;2025:52:23,SYD:2021:2025:94:32
SYD,36,Will_Green,2017,rookie,28,,SYD:2020:2025:61:86
SYD,43,Lewis_Melican,,,,2023:57:8;2024:58:24;2025:59:17,SYD:2017:2025:101:2
SYD,25,Billy_Cootee,2025,national,42,,
SYD,2,Hayden_McLean,,,,2021:58:12;2022:54:9;2023:52:22;2024:60:26;2025:62:19,SYD:2019:2025:98:100
SYD,29,Joel_Hamling,2011,national,32,2025:57:14,WBD:2015:2016:23:0;FRE:2017:2023:68:0;SYD:2025:2025:14:3
SYD,40,Tom_Hanily,2024,midseason,14,2025:47:8,SYD:2025:2025:8:6
SYD,9,Jesse_Dattoli,2024,national,22,,SYD:2025:2025:3:0
SYD,37,Corey_Warner,2021,national,40,2025:49:14,SYD:2023:2025:23:10
SYD,19,Peter_Ladhams,2016,rookie,9,2021:55:17;2022:59:11;2023:56:9;2025:46:10,PAD:2019:2021:32:21;SYD:2022:2025:31:13
SYD,36,Will_Green,2023,national,16,,
WCE,9,Harley_Reid,2023,national,1,2024:76:20;2025:71:19,WCE:2024:2025:39:24
WCE,11,Tim_Kelly,2017,national,24,2021:79:19;2022:79:17;2023:87:22;2024:78:20;2025:65:20,GEE:2018:2019:48:48;WCE:2020:2025:116:36
WCE,18,Tom_McCarthy,2025,midseason,1,2025:65:10,WCE:2025:2025:10:0
WCE,14,Liam_Duggan,2014,national,11,2021:59:14;2022:65:20;2023:78:22;2024:72:21;2025:68:21,WCE:2015:2025:200:15
WCE,1,Willem_Duursma,2025,national,1,,
WCE,6,Elliot_Yeo,2011,national,30,2021:78:12;2023:61:10;2024:82:20,BRL:2012:2013:27:1;WCE:2014:2024:185:84
WCE,3,Liam_Baker,2017,rookie,18,2021:62:22;2022:63:23;2023:60:23;2024:67:18;2025:70:23,RIC:2018:2024:128:54;WCE:2025:2025:23:5
WCE,47,Milan_Murdock,,,,,
WCE,20,Tylar_Young,2022,rookie,26,2023:64:19;2024:57:9,RIC:2023:2025:35:0
WCE,19,Brady_Hough,2021,national,31,2022:48:15;2023:52:15;2024:57:23;2025:54:22,WCE:2022:2025:75:3
WCE,38,Hamish_Davis,2024,national,65,2025:48:8,WCE:2025:2025:8:1
WCE,2,Jake_Waterman,2016,national,77,2021:58:14;2022:55:20;2023:59:11;2024:88:20;2025:65:8,WCE:2018:2025:112:149
WCE,5,Josh_Lindsay,2025,national,19,,
WCE,32,Bailey_Williams1,2018,national,35,2022:57:17;2023:69:23;2024:61:23;2025:53:16,WCE:2020:2025:88:30
WCE,26,Bo_Allan,2024,national,16,,WCE:2025:2025:6:0
WCE,17,Jack_Graham2,2016,national,53,2021:60:22;2022:63:20;2023:54:20;2024:58:14;2025:66:18,RIC:2017:2024:131:51;WCE:2025:2025:18:2
WCE,51,Marcus_Herbert,,,,,
WCE,23,Ryan_Maric,2023,midseason,1,2023:51:10;2024:44:19;2025:63:22,WCE:2023:2025:51:17
WCE,28,Tom_Cole,2015,national,36,2021:57:22;2023:56:12;2024:62:23;2025:61:18,WCE:2016:2025:131:5
WCE,35,Jobe_Shanahan,2024,national,30,2025:57:9,WCE:2025:2025:9:12
WCE,7,Reuben_Ginbey,2022,national,9,2023:57:17;2024:60:23;2025:78:23,WCE:2023:2025:63:2
WCE,33,Rhett_Bazzo,2021,national,37,2022:51:9;2023:47:11,WCE:2022:2025:28:0
WCE,21,Cooper_Duff-Tytler,2025,national,4,,
WCE,4,Brandon_Starcevich,2017,national,18,2021:57:24;2022:60:24;2023:55:26;2024:57:21;2025:53:14,BRL:2018:2025:132:8
WCE,34,Jack_Williams3,2021,national,57,2023:45:10;2024:52:18;2025:57:13,WCE:2022:2025:42:37
WCE,40,Deven_Robertson,2019,national,22,2021:52:16;2022:52:8;2023:48:16,BRL:2020:2025:47:10
WCE,50,Oliver_Francou,,,,,
WCE,8,Elijah_Hewett,2022,national,14,2023:54:14;2025:63:20,WCE:2023:2025:34:14
WCE,24,Harvey_Johnston,2023,national,49,,WCE:2024:2024:6:0
WCE,48,Harry_Schoenberg,2019,national,24,2021:63:22;2022:63:16;2023:52:11,ADE:2020:2025:62:22
WCE,37,Malakai_Champion,,,,,WCE:2025:2025:2:0
WCE,41,Sandy_Brock,2021,rookie,36,2025:63:14,WCE:2025:2025:14:0
WCE,15,Jamie_Cripps,2010,national,24,2021:58:22;2022:58:17;2023:58:12;2024:60:23;2025:56:21,SKN:2011:2012:16:16;WCE:2013:2025:256:319
WCE,44,Jack_Hutchinson,2024,midseason,3,2025:56:16,WCE:2024:2025:23:3
WCE,27,Tom_Gross,2024,national,46,2025:49:8,WCE:2025:2025:8:1
WCE,25,Matt_Flynn,2015,national,41,2021:59:12;2022:63:12;2023:59:9;2025:65:18,GWS:2021:2023:33:10;WCE:2024:2025:22:7
WCE,22,Archer_Reid,2023,national,30,2025:45:14,WCE:2025:2025:14:5
WCE,16,Matthew_Owies,,,,2021:53:13;2022:50:17;2023:57:18;2024:58:23;2025:45:16,CAR:2020:2024:72:89;WCE:2025:2025:16:7
WCE,46,Jacob_Newton,2025,midseason,9,,WCE:2025:2025:2:1
WCE,42,Harry_Edwards,2018,rookie,18,2021:61:10;2022:58:17;2024:57:9;2025:63:16,WCE:2020:2025:55:0
WBD,4,Marcus_Bontempelli,2013,national,4,2021:92:26;2022:84:22;2023:96:23;2024:88:24;2025:92:18,WBD:2014:2025:258:253
WBD,20,Ed_Richards,2017,national,16,2022:71:22;2023:76:19;2024:73:21;2025:85:23,WBD:2018:2025:148:58
WBD,8,Matthew_Kennedy1,2015,national,13,2021:61:13;2022:76:17;2023:61:16;2024:62:24;2025:75:23,GWS:2016:2017:19:7;CAR:2018:2024:99:50;WBD:2025:2025:23:21
WBD,31,Bailey_Dale,2014,national,45,2021:73:26;2022:78:23;2023:66:23;2024:76:24;2025:73:23,WBD:2015:2025:178:87
WBD,9,Ryley_Sanders,2023,national,6,2024:54:14;2025:57:21,WBD:2024:2025:35:13
WBD,27,Joel_Freijah,2023,national,45,2024:58:13;2025:67:23,WBD:2024:2025:36:19
WBD,29,Lachlan_Bramble,,,,2021:58:10;2022:55:9;2023:53:11;2024:59:24;2025:56:23,HAW:2021:2023:30:2;WBD:2024:2025:47:7
WBD,34,Bailey_Williams0,2018,national,35,2021:65:23;2022:54:22;2023:52:23;2024:55:24;2025:61:23,WBD:2016:2025:174:43
WBD,14,Rhylee_West,2018,national,26,2022:50:14;2023:48:12;2024:56:21;2025:65:23,WBD:2019:2025:81:85
WBD,6,Cooper_Hynes,2024,national,20,2025:46:8,WBD:2025:2025:8:4
WBD,37,Michael_Sellwood,2025,midseason,5,,
WBD,24,Buku_Khamis,,,,2022:51:8;2024:58:17;2025:54:14,WBD:2021:2025:41:20
WBD,33,Aaron_Naughton,2017,national,9,2021:80:25;2022:85:22;2023:80:23;2024:78:20;2025:87:23,WBD:2018:2025:166:286
WBD,19,Connor_Budarick,2019,rookie,16,2022:59:9;2024:55:8;2025:45:19,GCS:2020:2025:55:7
WBD,21,Tom_Liberatore,2010,national,41,2021:82:25;2022:83:22;2023:88:21;2024:82:18;2025:84:23,WBD:2011:2025:257:91
WBD,44,Tim_English,2016,national,19,2021:59:22;2022:74:16;2023:76:23;2024:68:23;2025:73:23,WBD:2017:2025:154:90
WBD,7,Rory_Lobb,2013,national,29,2021:75:13;2022:79:21;2023:58:20;2024:60:16;2025:76:23,GWS:2014:2018:74:64;FRE:2019:2022:66:79;WBD:2023:2025:59:32
WBD,32,Arthur_Jones1,2021,national,43,2023:44:13,WBD:2023:2025:18:7
WBD,42,Sam_Davidson,2024,national,51,2025:52:19,WBD:2025:2025:19:13
WBD,18,James_ODonnell,,,,2023:49:12;2024:58:14;2025:61:22,WBD:2023:2025:48:7
WBD,17,Nick_Coffield,2017,national,8,2021:56:16;2024:49:8,SKN:2018:2021:52:2;WBD:2024:2025:12:0
WBD,11,Lachie_Jaques,2024,national,29,,
WBD,26,Josh_Dolan,2024,national,31,2025:43:11,WBD:2025:2025:11:1
WBD,16,Jordan_Croft,2023,national,15,,WBD:2025:2025:2:4
WBD,3,Cody_Weightman,2019,national,15,2021:61:16;2022:59:21;2023:61:19;2024:58:17,WBD:2020:2024:76:126
WBD,5,Jedd_Busslinger,2022,national,13,,WBD:2025:2025:7:0
WBD,13,Oskar_Baker,2017,national,48,2023:52:18;2025:56:9,MEL:2019:2021:15:4;WBD:2023:2025:33:10
WBD,28,Will_Lewis,,,,,
WBD,30,Lachlan_McNeil,2023,rookie,10,2021:45:13;2022:43:16;2023:40:13;2024:53:12;2025:45:21,WBD:2021:2025:75:42
WBD,35,Luke_Kennedy,2024,national,62,,
WBD,1,Adam_Treloar,,,,2021:72:17;2022:74:22;2023:80:19;2024:89:23,GWS:2012:2015:79:48;COL:2016:2020:94:49;WBD:2021:2025:85:59
WBD,10,Sam_Darcy,2021,national,2,2024:80:21;2025:88:17,WBD:2022:2025:45:89
WBD,25,Louis_Emmett,2025,national,27,,
WBD,12,Harvey_Gallagher,2022,national,39,2024:49:20,WBD:2024:2025:25:9
WBD,23,Laitham_Vandermeer,2018,national,37,2021:45:11;2022:49:10;2023:53:11;2024:47:24;2025:49:19,WBD:2020:2025:87:44
WBD,43,Ryan_Gardner,2015,national,59,2021:54:9;2022:66:22;2023:60:10,WBD:2019:2025:54:3
WBD,40,Lachlan_Smith,2023,national,47,,
WBD,36,Luke_Cleary,2021,national,61,2025:56:16,WBD:2022:2025:23:2
WBD,2,Lachlan_Carmichael,2025,national,21,,
