club,num,last,first,gm,ki,mk,hb,di,gl,bh,ho,tk,rb,if50,cl,cg,ff,fa,br,cp,up,cm,mi,onepct,bo,ga,pctp,src
ADE,12,Dawson,Jordan,22,382,114,202,584,22,8,0,126,58,101,91,97,28,27,21,201,349,13,12,28,12,15,83.0,2026
ADE,3,Berry,Sam,24,265,62,277,542,2,8,1,167,26,80,132,76,27,28,10,276,285,4,1,22,7,12,71.3,2026
ADE,23,Rankine,Izak,22,327,95,209,536,25,19,0,91,51,103,114,84,23,18,25,242,293,5,5,34,12,11,79.5,2026
ADE,24,Worrell,Josh,24,330,133,188,518,0,0,0,41,131,30,16,50,27,17,0,158,283,7,0,95,12,1,88.1,2026
ADE,30,Milera,Wayne,20,330,117,171,501,3,0,0,48,104,46,23,49,12,15,0,120,305,9,0,33,5,4,80.6,2026
ADE,29,Laird,Rory,20,255,131,211,466,1,0,0,49,62,34,19,46,16,12,1,111,328,4,0,30,4,6,78.1,2026
ADE,25,Peatling,James,21,240,57,172,412,4,8,0,94,30,55,86,48,38,13,2,188,221,3,3,14,1,10,70.1,2026
ADE,15,Cook,Brayden,24,264,112,137,401,12,5,0,45,62,68,28,50,10,11,0,126,270,4,10,31,14,13,80.4,2026
ADE,8,Rachele,Josh,25,266,79,125,391,42,21,0,57,17,74,38,89,26,28,8,156,211,2,24,18,4,24,80.5,2026
ADE,28,Neal-Bullen,Alex,23,217,90,171,388,13,14,0,81,17,71,24,55,22,11,1,145,241,3,14,24,0,15,83.0,2026
ADE,2,Keays,Ben,25,205,68,155,360,34,13,0,77,9,63,19,59,19,19,0,135,205,5,19,21,1,30,86.0,2026
ADE,14,Soligo,Jake,22,200,64,158,358,9,8,0,87,24,56,42,63,28,28,1,148,199,3,10,10,4,14,73.8,2026
ADE,16,Michalanney,Max,25,210,119,140,350,0,1,0,65,68,25,11,44,18,20,0,90,259,7,1,52,2,4,82.5,2026
ADE,7,Thilthorpe,Riley,22,185,122,103,288,37,29,82,36,3,60,27,50,17,15,5,147,143,48,56,33,3,16,83.2,2026
ADE,6,Curtin,Daniel,18,178,69,107,285,4,7,1,63,32,52,41,47,15,9,0,124,161,9,5,34,5,11,77.7,2026
ADE,42,McAndrew,Lachlan,24,132,56,146,278,7,3,771,108,20,50,104,71,36,41,1,193,94,20,5,65,0,9,72.3,2026
ADE,27,Nankervis,Luke,18,154,61,122,276,5,2,0,47,29,20,11,25,11,13,0,92,180,8,1,29,1,2,73.9,2026
ADE,19,Taylor,Zac,22,141,65,129,270,13,6,0,61,8,51,16,28,12,8,0,97,180,5,7,20,3,18,72.5,2026
ADE,40,Hall-Kahan,Hugo,13,181,51,77,258,1,1,0,23,55,36,11,27,10,7,0,59,168,1,1,7,6,1,77.0,2026
ADE,44,Cumming,Isaac,17,147,68,91,238,8,0,0,47,35,36,15,35,14,16,0,76,167,4,3,40,2,8,74.3,2026
ADE,35,Borlase,James,19,116,71,78,194,0,1,0,24,29,8,1,23,13,6,0,71,121,13,0,163,0,1,87.6,2026
ADE,13,Walker,Taylor,18,140,85,53,193,35,20,0,21,1,50,1,39,18,17,3,78,124,19,35,32,0,13,76.9,2026
ADE,32,Fogarty,Darcy,16,131,81,54,185,34,12,0,34,1,31,4,46,12,16,4,83,104,19,37,12,0,11,80.3,2026
ADE,48,Keane,Mark,11,130,49,37,167,0,0,0,12,42,7,0,34,8,15,0,48,82,12,0,64,0,0,91.2,2026
ADE,9,Murray,Nick,11,97,48,39,136,2,0,0,21,45,13,2,20,7,10,0,41,87,7,0,88,0,2,90.8,2026
ADE,41,Butts,Jordon,9,57,40,44,101,1,1,0,5,21,6,4,18,4,10,0,40,62,9,0,52,0,0,86.2,2026
ADE,4,Ah Chee,Callum,9,52,28,46,98,9,6,0,17,8,16,6,23,4,9,0,34,67,0,6,14,5,6,70.2,2026
ADE,10,Pedlar,Luke,10,59,29,36,95,8,6,0,21,4,17,4,20,8,3,0,36,58,2,7,5,3,3,67.3,2026
ADE,39,Murray,Toby,13,60,34,21,81,9,5,106,27,4,17,12,22,17,11,0,42,45,6,10,25,0,4,54.9,2026
ADE,21,Bond,Hugh,7,53,22,24,77,0,1,0,17,16,5,4,11,2,4,0,24,55,0,1,12,1,0,83.4,2026
BRL,9,Neale,Lachie,26,347,138,408,755,5,9,0,69,43,104,178,56,32,7,20,333,406,4,7,16,12,21,82.4,2026
BRL,8,Ashcroft,Will,26,438,129,302,740,17,19,0,89,53,132,142,81,33,19,27,247,456,1,5,9,33,21,82.3,2026
BRL,5,Dunkley,Josh,26,270,122,283,553,4,7,0,177,36,80,79,76,22,21,1,224,319,8,8,50,0,14,79.0,2026
BRL,33,Bailey,Zac,25,350,137,190,540,34,25,0,73,48,113,75,78,23,22,13,188,349,7,19,21,9,29,83.8,2026
BRL,44,Wilmot,Darcy,26,403,167,137,540,1,1,0,44,98,43,28,54,12,25,3,129,313,12,0,58,13,2,84.1,2026
BRL,10,Ashcroft,Levi,26,308,148,198,506,14,14,0,36,39,58,43,46,19,7,1,136,358,3,10,21,12,13,77.2,2026
BRL,3,Fletcher,Jaspa,26,323,145,169,492,3,2,0,36,80,54,24,56,6,21,0,117,327,6,1,22,15,6,83.7,2026
BRL,16,Rayner,Cam,26,242,108,167,409,27,23,1,67,10,98,59,76,21,25,0,177,232,13,22,32,5,29,81.7,2026
BRL,15,Zorko,Dayne,16,313,102,84,397,4,1,0,27,99,46,18,46,16,8,1,66,252,2,0,20,6,8,77.9,2026
BRL,7,Berry,Jarrod,21,237,111,149,386,5,8,0,53,52,52,46,52,18,11,3,132,248,3,7,21,1,11,73.0,2026
BRL,35,Lester,Ryan,22,240,154,108,348,1,1,0,30,59,37,12,41,10,10,0,93,238,15,0,82,0,2,86.0,2026
BRL,1,Lohmann,Kai,26,208,96,122,330,53,26,0,77,9,69,28,75,21,34,5,146,193,15,44,12,16,20,79.5,2026
BRL,31,Andrews,Harris,23,205,166,118,323,0,1,0,31,59,15,1,30,12,14,0,128,180,47,0,168,0,2,94.0,2026
BRL,23,Cameron,Charlie,26,238,99,65,303,58,28,0,53,11,68,15,54,22,20,0,93,195,7,47,31,11,19,79.1,2026
BRL,13,Morris,Logan,25,222,123,66,288,69,46,1,38,0,50,4,49,29,9,9,109,170,23,78,20,0,18,76.8,2026
BRL,6,McCluggage,Hugh,16,162,66,124,286,13,8,0,52,24,51,51,54,11,13,2,114,179,1,10,13,1,7,69.0,2026
BRL,38,Reville,Bruce,18,184,87,92,276,5,9,0,23,29,59,18,27,3,13,0,74,198,4,7,11,4,6,73.7,2026
BRL,32,Fort,Darcy,25,169,75,103,272,8,3,384,37,23,51,78,59,26,28,0,167,112,24,9,62,0,10,60.2,2026
BRL,2,Draper,Sam,25,194,58,55,249,16,12,534,24,26,64,95,79,30,32,0,156,74,21,18,64,1,11,66.4,2026
BRL,26,McKenna,Conor,20,194,45,52,246,24,16,0,29,11,71,6,39,8,13,0,61,158,2,10,24,17,20,77.6,2026
BRL,18,Coleman,Keidean,13,155,70,56,211,2,0,0,16,34,33,4,17,7,4,0,52,140,3,2,24,1,4,70.2,2026
BRL,43,Answerth,Noah,16,139,74,50,189,0,0,0,28,40,26,6,39,5,14,0,48,145,0,0,42,1,4,79.4,2026
BRL,22,Gallop,Ty,20,155,95,32,187,1,3,2,43,43,29,1,43,8,19,0,72,122,19,4,114,0,2,86.4,2026
BRL,27,Gardiner,Darcy,15,95,68,50,145,0,0,0,14,30,8,4,34,9,19,0,54,95,7,0,97,1,1,84.0,2026
BRL,29,Tunstill,James,11,85,46,57,142,2,3,0,13,13,18,6,14,2,1,0,45,98,1,3,18,2,3,73.7,2026
BRL,30,Hipwood,Eric,13,100,59,39,139,20,10,0,23,6,25,2,43,13,14,1,59,83,15,23,23,0,6,73.0,2026
BRL,4,Allen,Oscar,14,83,50,24,107,23,11,10,17,5,19,4,18,14,8,0,42,67,6,21,14,1,7,75.1,2026
BRL,11,McCarthy,Lincoln,8,78,38,26,104,6,3,0,14,8,18,6,28,5,10,0,36,65,4,5,4,0,5,76.1,2026
BRL,20,Marshall,Sam,2,13,6,20,33,0,0,0,4,5,3,1,6,2,1,0,11,21,0,0,3,1,1,75.0,2026
BRL,41,Joyce,Darragh,3,26,19,4,30,0,0,0,1,7,0,0,3,0,1,0,4,25,2,0,10,0,0,87.0,2026
CAR,18,Walsh,Sam,25,320,104,407,727,8,11,0,102,44,109,109,97,26,30,14,251,475,0,5,16,11,9,78.5,2026
CAR,9,Cripps,Patrick,25,256,66,400,656,16,18,3,122,16,86,188,125,45,53,27,359,292,12,16,28,1,5,80.7,2026
CAR,7,Smith,Jagga,25,261,77,361,622,10,7,0,68,23,84,111,60,22,16,12,230,397,1,6,14,11,13,75.4,2026
CAR,14,Florent,Oliver,25,379,129,185,564,2,3,0,54,125,66,29,72,10,19,2,139,346,3,0,33,13,6,82.5,2026
CAR,29,Hewett,George,21,226,86,270,496,13,9,0,89,21,65,89,57,28,18,13,191,310,4,2,15,0,10,71.7,2026
CAR,5,Cerra,Adam,22,264,113,188,452,4,4,0,79,53,60,41,61,16,14,0,129,297,3,2,21,6,7,75.4,2026
CAR,12,Ainsworth,Ben,25,255,136,188,443,30,20,0,35,10,84,26,58,9,13,2,97,345,3,27,7,9,16,78.8,2026
CAR,2,Cowan,Lachlan,24,257,131,116,373,0,0,0,47,89,40,15,54,7,15,0,92,275,12,0,75,6,6,81.8,2026
CAR,26,Haynes,Nick,19,239,149,105,344,0,0,0,25,62,22,5,43,9,10,0,71,266,7,2,83,5,3,85.7,2026
CAR,19,Hayward,Will,21,201,120,142,343,24,16,0,39,17,59,6,57,15,22,0,110,232,20,26,17,1,7,78.3,2026
CAR,24,Newman,Nic,16,258,109,84,342,1,1,0,40,61,33,5,31,11,14,0,45,220,3,1,21,10,2,79.0,2026
CAR,15,Wilson,Billy,17,220,86,119,339,0,1,0,33,65,30,12,37,7,11,0,67,226,0,0,17,19,2,75.7,2026
CAR,44,Evans,Francis,23,190,66,122,312,24,15,0,85,15,72,12,48,30,20,0,128,183,7,15,12,3,19,77.0,2026
CAR,10,McKay,Harry,23,203,123,98,301,35,27,33,33,7,50,27,59,43,24,4,166,140,35,40,22,1,6,82.7,2026
CAR,27,Pittonet,Marc,22,130,30,150,280,10,4,522,64,24,22,105,78,26,35,1,189,76,14,8,51,0,4,71.6,2026
CAR,17,Kemp,Brodie,25,183,131,96,279,39,27,0,50,4,43,1,52,14,16,0,87,194,17,60,23,0,18,88.1,2026
CAR,11,McGovern,Mitch,25,180,104,79,259,34,16,0,47,12,46,3,48,24,8,0,100,156,19,41,52,3,12,77.1,2026
CAR,35,Dean,Harry,22,157,107,101,258,1,0,0,28,40,12,4,36,25,13,1,80,178,9,0,117,0,2,80.0,2026
CAR,13,Acres,Blake,12,150,77,93,243,3,8,0,27,26,34,9,28,4,6,0,53,184,1,7,15,2,9,82.2,2026
CAR,4,Hollands,Oliver,14,155,77,81,236,4,1,0,49,36,32,10,43,15,13,0,57,170,1,3,17,7,8,85.4,2026
CAR,36,Lord,Cooper,11,126,54,95,221,4,3,0,26,20,28,13,24,9,4,0,53,170,3,3,8,2,4,76.5,2026
CAR,46,Cottrell,Matthew,14,131,51,74,205,6,9,0,35,18,39,5,19,8,4,0,60,143,3,10,14,1,10,79.1,2026
CAR,47,Derksen,Wade,15,134,80,66,200,0,0,0,12,33,6,2,35,6,8,0,65,126,9,1,73,4,2,83.0,2026
CAR,23,Weitering,Jacob,14,140,102,59,199,0,0,2,10,40,4,0,17,6,6,0,61,134,14,0,108,0,0,88.7,2026
CAR,39,Byrne,Talor,20,107,63,70,177,15,12,0,50,7,31,9,32,24,15,0,74,109,4,19,22,2,13,69.1,2026
CAR,6,Williams,Zac,9,100,26,57,157,2,3,0,26,27,23,22,17,6,8,0,63,85,1,2,10,6,2,71.6,2026
CAR,33,Young,Lewis,14,69,47,76,145,2,6,38,19,22,12,13,32,6,15,0,63,80,10,9,77,0,2,76.1,2026
CAR,32,Carroll,Matt,10,92,43,48,140,9,2,0,8,14,34,3,18,2,7,0,50,87,8,6,19,3,4,69.6,2026
CAR,20,Hollands,Elijah,6,53,17,40,93,5,1,0,8,7,16,4,17,6,6,0,35,59,2,1,4,0,2,74.5,2026
CAR,30,Ison,Jack,8,60,30,30,90,3,10,0,13,1,19,2,20,6,7,0,39,52,1,5,11,1,6,70.3,2026
COL,35,Daicos,Nick,23,432,92,365,797,26,20,0,58,56,152,130,115,32,20,47,248,494,2,5,11,52,21,85.7,2026
COL,7,Daicos,Josh,24,391,140,260,651,1,6,0,75,111,75,36,60,14,15,2,135,461,0,6,13,5,10,84.0,2026
COL,9,Houston,Dan,24,322,152,186,508,6,13,0,60,105,54,21,63,12,15,0,114,316,8,4,44,5,7,81.0,2026
COL,25,Crisp,Jack,24,250,118,240,490,6,6,0,102,50,78,49,66,17,16,4,179,314,6,8,39,4,5,78.8,2026
COL,2,de Goey,Jordan,22,261,106,210,471,21,12,0,52,28,91,55,62,15,15,8,143,319,9,15,14,1,21,78.0,2026
COL,14,Cameron,Darcy,23,209,87,199,408,3,4,561,80,31,35,107,78,49,29,1,255,142,24,6,35,0,7,78.7,2026
COL,1,Lipinski,Patrick,20,174,89,234,408,10,12,0,47,36,50,32,40,8,10,0,106,300,2,12,19,0,10,81.3,2026
COL,10,Pendlebury,Scott,17,161,74,221,382,5,6,0,44,28,35,57,37,11,8,5,123,248,1,5,16,0,17,67.7,2026
COL,3,Quaynor,Isaac,21,210,122,148,358,0,0,0,58,91,27,9,43,14,14,0,88,256,5,0,76,11,2,82.7,2026
COL,44,Long,Ned,22,137,56,220,357,7,13,1,143,15,53,53,70,12,20,0,144,211,2,11,33,0,13,72.8,2026
COL,22,Sidebottom,Steele,21,180,91,157,337,4,2,0,42,41,43,30,43,5,9,2,104,232,4,4,26,15,3,79.1,2026
COL,31,McCreery,Beau,23,169,50,163,332,13,10,0,112,13,84,38,72,11,25,0,131,192,4,6,23,24,16,77.6,2026
COL,16,Allan,Edward,19,124,27,191,315,6,5,0,99,17,53,48,59,16,22,0,123,195,0,0,19,7,5,71.4,2026
COL,8,Schultz,Lachie,22,168,91,143,311,24,18,0,101,9,56,18,48,30,18,0,116,193,9,30,18,0,17,78.5,2026
COL,4,Maynard,Brayden,17,224,88,82,306,1,2,0,68,68,34,8,54,14,19,0,78,211,5,1,67,0,4,78.4,2026
COL,38,Howe,Jeremy,18,240,111,57,297,1,0,0,20,76,13,2,34,12,11,0,73,153,19,1,106,1,2,88.3,2026
COL,17,Frampton,Billy,24,175,131,105,280,0,0,0,27,74,10,2,50,22,26,0,95,187,16,0,195,1,0,96.6,2026
COL,45,Steele,Roan,19,159,57,116,275,15,10,0,37,21,41,26,36,7,5,0,88,176,2,8,21,0,8,79.4,2026
COL,12,Perryman,Harry,16,168,72,93,261,0,2,0,44,49,32,7,33,6,7,0,59,193,5,0,31,3,2,74.3,2026
COL,11,McStay,Daniel,24,141,99,101,242,47,15,72,73,4,48,24,47,23,15,3,131,112,37,46,32,0,10,77.6,2026
COL,28,Membrey,Tim,20,133,104,93,226,33,19,0,20,1,30,2,29,5,10,1,72,157,14,54,27,0,8,81.2,2026
COL,41,Anderson,Angus,17,116,42,81,197,20,14,0,56,13,38,15,41,16,11,0,78,115,1,11,14,0,11,70.1,2026
COL,32,Swadling,Sam,9,93,36,87,180,6,1,0,10,21,23,14,18,2,3,1,49,124,0,2,7,4,0,66.7,2026
COL,5,Elliott,Jamie,11,73,39,57,130,17,7,0,16,0,17,7,25,5,7,1,42,83,3,19,7,0,9,82.9,2026
COL,36,Harrison,Harvey,12,80,40,48,128,4,3,0,37,3,27,7,22,8,3,0,30,100,1,9,4,3,10,71.7,2026
COL,34,Buller,Jack,10,41,36,39,80,7,8,3,14,0,6,2,24,6,14,0,30,50,10,20,12,0,0,75.3,2026
COL,39,Hayes,Will,10,39,21,28,67,8,4,0,12,2,15,1,8,5,2,0,21,49,1,3,1,0,3,66.8,2026
COL,21,Steene,Oscar,8,23,18,44,67,4,0,91,12,0,8,15,18,14,7,0,41,24,5,4,7,0,1,59.9,2026
COL,29,West,Charlie,9,35,24,32,67,9,6,1,10,1,10,1,15,7,4,0,38,27,12,7,16,0,2,73.2,2026
COL,15,Parker,Wil,5,27,16,28,55,0,0,0,6,11,5,1,12,2,5,0,20,34,0,0,12,0,0,76.0,2026
ESS,7,Merrett,Zach,23,330,106,299,629,10,6,0,108,57,89,79,64,35,15,9,183,423,5,9,31,15,11,83.4,2026
ESS,21,Roberts,Archie,21,407,115,183,590,2,2,0,25,118,60,23,66,12,23,1,126,374,7,1,16,14,7,83.4,2026
ESS,22,Durham,Sam,20,189,72,213,402,9,6,0,79,23,80,82,78,23,35,4,179,233,8,9,21,9,12,75.2,2026
ESS,1,McGrath,Andrew,20,194,77,190,384,2,1,0,55,65,45,23,24,10,9,0,109,257,1,1,20,18,9,79.3,2026
ESS,2,Farrow,Jacob,21,225,128,145,370,4,3,0,37,63,33,13,35,12,9,0,84,267,2,4,8,13,3,79.4,2026
ESS,25,Prior,Jaxon,22,264,106,101,365,1,5,0,47,82,31,8,38,21,10,0,85,242,4,3,58,15,6,83.2,2026
ESS,3,Parish,Darcy,14,171,52,172,343,2,5,0,34,17,62,74,52,14,16,6,130,215,1,1,4,1,10,74.6,2026
ESS,31,Reid,Zach,23,218,139,93,311,1,1,3,32,74,10,2,42,13,15,0,71,204,13,2,111,4,1,87.3,2026
ESS,6,Caldwell,Jye,17,145,49,161,306,6,10,0,84,22,40,56,45,15,15,0,129,184,1,3,9,2,7,70.2,2026
ESS,4,Langford,Kyle,19,172,95,126,298,4,9,1,37,43,23,8,44,17,16,0,105,185,11,12,46,2,4,84.3,2026
ESS,28,Duursma,Xavier,18,138,89,149,287,8,3,0,36,20,21,17,33,21,7,0,94,196,8,6,20,5,2,77.8,2026
ESS,27,Redman,Mason,16,212,80,74,286,3,4,0,25,67,26,9,26,16,9,0,63,186,6,1,42,9,7,78.6,2026
ESS,15,Sharp,Dyson,15,135,53,130,265,3,2,0,56,5,43,47,35,16,7,2,107,154,3,3,10,1,8,71.1,2026
ESS,12,Setterfield,Will,11,140,42,116,256,3,2,0,57,18,39,40,35,11,16,1,98,156,1,3,6,0,5,79.0,2026
ESS,9,Robey,Sullivan,15,111,46,130,241,9,2,0,48,9,48,56,58,11,20,0,110,143,3,5,8,5,4,76.4,2026
ESS,44,Day-Wicks,Archer,21,111,56,123,234,7,11,0,71,13,40,10,56,11,20,0,77,162,3,13,35,2,4,76.6,2026
ESS,30,Caddy,Nate,22,169,93,60,229,46,36,2,25,2,41,3,52,27,13,1,92,141,21,48,22,3,11,86.6,2026
ESS,16,Perkins,Archie,16,131,86,96,227,7,10,0,23,10,50,1,29,7,6,0,56,172,4,12,8,7,7,76.8,2026
ESS,20,Wright,Peter,18,132,77,85,217,28,17,196,26,15,21,22,40,27,19,0,99,124,15,34,49,0,8,83.5,2026
ESS,10,Kako,Isaac,15,76,25,88,164,9,8,0,30,2,30,12,33,4,14,0,72,90,1,7,13,6,5,78.1,2026
ESS,46,Blakiston,Lachlan,17,81,37,70,151,2,1,172,32,34,16,31,53,21,34,0,84,75,3,2,53,1,2,81.5,2026
ESS,5,Tsatas,Elijah,6,63,26,82,145,1,1,0,9,7,19,26,9,3,1,0,53,89,0,1,1,1,1,69.5,2026
ESS,24,Bryan,Nick,13,70,19,74,144,2,0,314,28,6,24,43,27,19,21,0,81,67,1,1,33,1,1,70.5,2026
ESS,32,McKay,Ben,15,79,70,60,139,6,7,12,17,20,8,7,30,10,13,0,55,82,15,11,36,1,2,91.4,2026
ESS,29,Kondogiannis,Max,12,54,26,68,122,1,3,0,24,14,11,6,16,4,9,0,33,96,0,3,19,1,1,71.9,2026
ESS,41,El-Hawli,Saad,8,70,29,47,117,2,2,0,13,15,12,5,20,8,3,0,38,76,0,0,6,8,0,70.9,2026
ESS,40,Johnson,Zak,7,63,29,49,112,0,0,0,2,16,9,1,9,1,1,0,18,85,0,1,15,3,2,76.6,2026
ESS,14,Ridley,Jordan,7,72,42,25,97,0,0,1,4,11,8,1,10,2,4,0,14,65,3,0,16,3,1,58.1,2026
ESS,13,Cox,Nik,8,44,25,44,88,3,1,1,9,4,12,7,9,6,1,0,34,55,3,2,6,0,1,79.9,2026
ESS,34,Artemis,Jaxon,6,36,18,42,78,0,2,0,15,15,5,4,10,1,4,0,22,58,0,1,9,0,0,76.8,2026
FRE,8,Brayshaw,Andrew,26,296,86,354,650,8,8,0,154,28,106,104,90,30,31,9,218,439,1,6,48,14,17,78.3,2026
FRE,6,Clark,Jordan,26,374,124,217,591,2,2,0,54,125,80,33,70,15,24,3,133,383,5,1,41,34,15,83.1,2026
FRE,10,Bolton,Shai,25,303,69,264,567,25,13,0,92,22,148,102,90,21,32,15,219,365,5,5,16,54,30,79.0,2026
FRE,3,Serong,Caleb,23,308,55,256,564,11,6,0,108,36,108,151,66,21,11,14,256,302,3,3,22,6,13,78.0,2026
FRE,16,Reid,Murphy,24,289,77,270,559,12,20,0,48,17,99,51,74,14,17,15,161,399,2,9,13,18,22,81.3,2026
FRE,13,Ryan,Luke,25,381,173,120,501,0,1,0,42,128,33,6,52,11,28,0,89,314,9,1,72,10,2,83.2,2026
FRE,23,Worner,Karl,26,305,161,182,487,0,2,0,61,115,33,12,57,19,22,0,110,333,10,0,75,27,2,81.0,2026
FRE,9,Jackson,Luke,26,185,75,298,483,29,18,669,133,20,61,129,89,49,40,19,293,195,32,20,46,1,11,78.1,2026
FRE,28,Erasmus,Neil,26,243,107,215,458,8,8,0,70,54,61,47,80,17,18,0,162,299,5,9,22,9,13,74.2,2026
FRE,44,Johnson,Matthew,25,192,78,246,438,6,4,0,80,29,75,63,66,20,22,2,145,294,5,2,19,14,19,74.9,2026
FRE,5,Chapman,Heath,25,228,133,161,389,1,2,0,50,71,38,6,51,9,20,0,100,270,12,2,81,10,6,84.1,2026
FRE,17,McVee,Judd,23,188,91,163,351,1,0,0,16,63,28,18,43,9,7,0,103,226,6,0,45,32,7,79.3,2026
FRE,26,Young,Hayden,17,172,66,153,325,10,5,1,54,18,69,59,34,13,6,1,129,196,1,3,20,10,8,67.8,2026
FRE,35,Treacy,Josh,26,225,161,97,322,56,39,0,59,2,70,1,58,44,22,7,167,176,51,78,68,0,16,87.8,2026
FRE,39,Switkowski,Sam,25,122,62,186,308,13,14,0,68,1,61,21,32,9,10,0,123,180,5,14,18,6,14,74.4,2026
FRE,30,ODriscoll,Nathan,17,138,66,151,289,5,4,0,35,26,47,12,40,14,4,0,87,206,0,5,25,8,7,77.5,2026
FRE,43,Dudley,Isaiah,26,155,47,117,272,32,20,0,68,5,48,18,47,19,18,0,104,175,0,17,21,3,21,72.2,2026
FRE,20,Voss,Patrick,25,173,99,96,269,46,33,0,77,2,50,6,73,24,38,7,109,164,15,53,23,4,17,87.6,2026
FRE,34,Wagner,Corey,15,162,53,98,260,0,4,0,43,42,45,19,32,6,9,0,70,190,0,3,17,12,7,74.5,2026
FRE,32,Frederick,Michael,21,161,76,86,247,26,10,0,49,12,52,11,31,14,6,0,76,180,5,20,24,11,9,76.2,2026
FRE,24,Amiss,Jye,25,167,113,64,231,62,34,0,23,0,26,1,34,26,13,8,107,130,36,82,29,1,9,88.8,2026
FRE,36,Cox,Brennan,18,133,86,76,209,0,0,0,28,46,9,3,35,12,14,0,75,130,16,0,113,2,1,75.8,2026
FRE,25,Pearce,Alex,23,97,81,109,206,0,0,0,20,35,8,5,40,11,20,0,112,102,26,0,87,6,0,80.7,2026
FRE,21,McDonald,Oscar,13,121,69,45,166,1,0,0,22,36,12,2,30,10,11,0,48,113,10,1,80,0,3,92.9,2026
FRE,18,Cox,Mason,19,79,46,48,127,7,9,276,24,11,15,27,34,22,15,0,69,51,19,13,33,0,4,54.5,2026
FRE,2,OMeara,Jaeger,6,45,17,49,94,0,2,0,17,8,12,10,10,3,3,0,29,66,0,1,3,1,4,69.5,2026
FRE,45,Scerri,Chris,9,19,9,67,86,1,2,0,17,2,14,2,12,3,6,0,42,43,1,1,8,6,2,70.9,2026
FRE,4,Darcy,Sean,7,19,7,31,50,2,1,128,12,1,10,10,18,8,11,0,31,17,2,1,14,0,1,48.3,2026
FRE,14,Sharp,Jeremy,2,15,12,9,24,2,0,0,2,0,4,0,2,0,0,0,4,23,0,2,1,0,0,67.5,2026
FRE,31,Walker,Brandon,2,10,2,12,22,0,0,0,2,4,2,1,3,1,0,0,10,13,1,0,5,3,0,75.0,2026
GEE,3,Smith,Bailey,24,476,96,298,774,11,6,0,117,73,177,129,97,33,20,36,264,470,3,6,29,17,24,84.2,2026
GEE,9,Holmes,Max,20,323,92,236,559,5,5,0,55,81,94,84,55,14,15,10,182,331,2,2,19,36,17,78.1,2026
GEE,28,Dempsey,Oliver,25,248,131,248,496,30,16,0,50,40,76,38,49,11,10,6,169,306,18,27,26,10,10,88.4,2026
GEE,4,Bruhn,Tanner,23,296,107,198,494,1,6,0,68,65,75,39,61,19,14,3,136,343,1,6,15,19,9,70.3,2026
GEE,17,Humphries,Lawson,24,349,135,138,487,5,3,0,50,99,47,19,53,14,10,2,110,321,4,1,58,13,2,80.7,2026
GEE,44,Stewart,Tom,23,342,129,134,476,2,1,0,32,135,25,10,52,18,20,3,136,246,16,1,70,14,1,81.4,2026
GEE,30,Atkins,Tom,25,183,34,269,452,4,1,0,148,19,70,95,78,27,35,2,241,212,0,1,34,5,12,74.3,2026
GEE,7,Mannagh,Shaun,25,302,65,136,438,38,21,0,76,18,113,67,67,17,15,9,163,262,2,15,15,10,25,77.6,2026
GEE,39,Guthrie,Zach,25,259,128,141,400,1,1,0,59,74,31,17,42,18,15,0,102,280,7,0,66,3,3,79.0,2026
GEE,14,OSullivan,Connor,25,229,165,147,376,1,2,1,41,84,25,4,59,28,22,0,131,234,25,0,134,1,3,91.6,2026
GEE,34,Mullin,Oisin,25,160,73,184,344,3,6,0,102,22,51,71,59,19,21,0,147,200,0,4,33,4,8,80.7,2026
GEE,32,Miers,Gryan,17,187,82,156,343,6,5,0,39,21,49,20,33,10,5,2,85,260,0,6,11,5,16,81.1,2026
GEE,42,OConnor,Mark,22,168,96,149,317,4,3,0,56,37,39,21,37,14,13,0,109,214,3,4,47,3,12,79.4,2026
GEE,35,Dangerfield,Patrick,19,157,66,127,284,30,16,0,34,4,64,32,59,18,14,3,134,155,11,37,21,0,20,70.3,2026
GEE,36,Henry,Oliver,24,172,83,102,274,48,23,0,47,1,57,9,51,26,19,2,120,158,14,42,19,1,18,79.9,2026
GEE,16,De Koning,Sam,19,109,69,164,273,1,1,140,29,22,31,39,52,11,18,0,139,128,21,1,74,0,3,71.7,2026
GEE,5,Cameron,Jeremy,19,211,113,61,272,41,29,1,20,12,49,7,54,10,13,4,58,207,12,38,22,3,10,87.1,2026
GEE,46,Blicavs,Mark,20,114,52,150,264,5,7,208,58,13,34,44,43,15,19,0,140,122,10,5,61,0,3,73.7,2026
GEE,33,Neale,Shannon,25,161,108,100,261,52,26,112,64,3,57,18,68,16,35,5,132,143,32,57,45,1,20,89.9,2026
GEE,11,Edwards,Mitchell,20,84,28,123,207,3,3,424,38,7,45,57,57,33,29,0,113,85,8,3,38,0,4,62.3,2026
GEE,29,Worpel,James,11,119,29,83,202,4,3,0,69,14,52,58,36,8,17,0,88,109,0,5,6,0,6,68.7,2026
GEE,19,Martin,Jack,18,117,73,84,201,22,15,0,44,5,23,12,47,15,18,0,77,130,7,32,12,0,7,70.8,2026
GEE,38,Henry,Jack,21,128,86,72,200,6,4,4,25,26,14,3,20,12,13,0,75,117,11,5,108,0,2,80.2,2026
GEE,45,Close,Brad,18,87,38,104,191,11,12,0,42,3,40,5,23,14,6,0,72,122,3,14,14,0,15,77.9,2026
GEE,21,Wiltshire,Oliver,16,99,27,82,181,14,10,0,26,6,42,10,31,10,7,0,61,113,1,10,10,6,9,73.6,2026
GEE,12,Bowes,Jack,9,91,33,67,158,7,6,0,22,10,32,9,29,8,7,0,48,106,3,2,5,3,6,69.3,2026
GEE,13,Clark,Jhye,9,76,40,71,147,3,3,0,24,9,28,8,26,8,7,0,48,97,4,4,10,1,3,72.1,2026
GEE,8,Kolodjashnij,Jake,11,76,44,55,131,1,0,0,10,23,7,1,22,3,7,0,38,88,8,0,47,2,0,78.2,2026
GEE,2,Polkinghorne,Jay,8,42,31,20,62,14,8,0,9,0,13,0,12,4,5,0,21,43,5,21,6,0,6,71.1,2026
ADE,31,Dowling,Billy,3,23,15,21,44,3,3,0,11,4,6,7,5,1,1,0,19,26,1,5,0,0,1,71.7,2026
ADE,36,Maley,Finnbar,6,20,20,21,41,4,2,29,12,1,6,2,11,3,6,0,21,22,9,8,10,0,2,62.0,2026
ADE,1,Jones,Chayce,3,19,7,16,35,0,0,0,5,8,2,0,3,2,1,0,14,14,0,0,2,0,0,85.0,2026
ADE,22,Ryan,Oscar,2,21,8,11,32,1,0,0,6,4,7,1,3,6,1,0,12,19,2,0,4,0,2,72.5,2026
ADE,11,Edwards,Charlie,2,20,6,10,30,0,1,0,4,0,5,5,8,0,3,0,11,23,0,0,4,1,1,73.0,2026
ADE,43,OBrien,Reilly,2,7,6,7,14,0,0,50,6,0,2,3,6,2,2,0,8,5,2,0,6,0,0,58.5,2026
ADE,34,Ludowyke,Archie,2,8,5,5,13,1,1,0,3,0,1,0,3,2,1,0,6,7,0,2,2,0,2,58.5,2026
ADE,20,Hinge,Mitch,1,6,1,4,10,0,0,0,1,1,1,1,0,1,0,0,4,4,0,0,1,0,0,37.0,2026
BRL,14,Annable,Daniel,3,22,7,7,29,1,0,0,4,2,6,1,5,2,1,0,7,23,0,0,2,0,2,66.0,2026
BRL,34,Brain,Shadeau,2,22,10,7,29,0,0,0,0,3,5,1,6,1,0,0,3,26,0,0,5,0,1,81.0,2026
BRL,37,Curtin,Cody,4,11,5,15,26,2,2,2,4,1,2,0,10,2,3,0,8,17,1,1,8,1,0,68.8,2026
BRL,21,Zakostelsky,Zane,3,16,12,6,22,1,0,20,5,4,0,2,3,3,2,0,9,14,1,1,10,0,0,55.0,2026
BRL,28,McLachlan,Will,1,2,1,2,4,1,0,0,2,0,1,0,2,1,0,0,2,3,0,1,1,0,0,51.0,2026
CAR,31,Chesser,Campbell,3,23,12,23,46,0,1,0,10,5,4,2,10,1,2,0,10,36,0,0,5,0,1,77.7,2026
CAR,42,Saad,Adam,3,27,7,16,43,0,0,0,4,12,4,1,4,0,1,0,11,21,0,0,11,18,0,75.0,2026
CAR,25,Reidy,Liam,4,20,3,22,42,0,1,65,14,2,8,11,11,6,8,0,25,15,1,1,6,0,1,67.8,2026
CAR,37,Boyd,Jordan,2,26,10,3,29,0,0,0,6,7,3,0,3,0,0,0,4,17,0,0,5,2,0,73.0,2026
CAR,45,Young,Flynn,3,16,9,12,28,2,2,0,4,1,8,1,2,1,0,0,7,23,0,2,6,0,2,75.3,2026
CAR,8,Fogarty,Lachie,2,6,1,14,20,0,1,0,3,2,0,1,2,1,1,0,11,11,0,0,3,0,1,68.5,2026
CAR,43,Moir,Ashton,2,10,5,7,17,3,0,0,4,0,0,2,2,1,1,0,4,10,0,3,1,0,0,73.5,2026
CAR,40,OKeeffe,Hudson,3,8,3,9,17,0,1,24,4,0,5,3,8,2,3,0,11,8,1,1,6,0,0,47.3,2026
CAR,38,Riley,Flynn,1,4,1,2,6,1,0,17,5,4,0,2,3,3,0,0,7,1,0,0,1,0,0,62.0,2026
COL,47,Puncher,Liam,8,26,23,21,47,0,0,0,9,11,1,1,10,1,5,0,14,31,3,0,34,0,0,81.6,2026
COL,30,Moore,Darcy,4,15,12,10,25,0,0,0,3,11,0,0,8,2,3,0,10,14,3,0,14,0,0,54.5,2026
COL,33,Sullivan,Lachlan,2,9,2,15,24,2,1,0,4,1,7,0,3,0,0,0,5,19,0,0,1,0,2,71.5,2026
COL,46,Podhajski,Mitch,2,14,5,7,21,1,3,0,4,0,3,0,3,1,0,0,8,12,0,4,1,0,1,66.0,2026
COL,40,Howes,Noah,2,8,7,8,16,0,0,0,1,6,1,0,3,0,2,0,6,10,1,0,5,0,0,72.0,2026
ESS,11,Gresham,Jade,7,42,13,34,76,6,4,0,19,0,8,6,10,8,6,0,22,53,0,3,1,1,4,78.4,2026
ESS,33,El Achkar,Hussien,9,33,8,33,66,10,3,0,22,1,11,6,11,7,2,0,38,28,0,5,3,2,4,71.3,2026
ESS,45,Edwards,Tom,7,41,19,23,64,8,3,0,13,1,14,2,12,5,4,0,26,37,6,5,7,0,5,76.3,2026
ESS,36,Clarke,Angus,6,41,25,21,62,4,3,0,14,2,15,4,11,6,2,0,19,41,0,2,3,0,3,72.5,2026
ESS,23,Jones,Harry,7,41,23,20,61,2,0,0,16,11,3,1,14,4,8,0,18,43,1,2,17,1,1,80.3,2026
ESS,26,May,Archie,10,45,32,13,58,14,5,4,26,1,15,1,25,5,14,0,32,28,14,16,13,1,3,66.6,2026
ESS,42,Nguyen,Jayden,5,18,12,40,58,0,2,0,7,5,7,1,5,3,1,0,21,37,1,3,4,0,0,78.4,2026
ESS,17,Visentini,Vigo,3,29,18,17,46,1,0,57,11,3,6,5,10,7,4,0,19,27,1,1,2,0,1,71.7,2026
ESS,8,Fiorini,Brayden,2,12,6,18,30,2,1,0,1,2,4,1,5,1,0,0,8,22,0,1,3,1,2,81.5,2026
ESS,38,Unwin,Rhys,4,13,7,17,30,1,1,0,15,1,7,1,7,3,4,0,15,19,1,0,4,1,2,69.0,2026
ESS,35,Guelfi,Matt,3,4,0,10,14,0,1,0,4,0,3,0,2,0,1,0,9,5,0,0,4,0,0,47.0,2026
FRE,41,Banfield,Bailey,1,4,3,10,14,0,0,0,3,3,0,1,4,0,0,0,6,8,0,0,1,0,0,91.0,2026
FRE,11,Murray,Tobyn,1,6,2,7,13,1,1,0,4,0,0,1,3,1,0,0,4,9,0,0,0,0,0,82.0,2026
GEE,15,Stevens,George,2,11,5,18,29,1,0,0,6,1,2,7,1,2,0,0,12,18,0,0,2,0,1,61.0,2026
GEE,10,Knevitt,Mitch,2,11,4,10,21,2,2,0,7,1,2,2,3,3,1,0,11,10,1,1,1,0,1,76.5,2026
GEE,1,Stanley,Rhys,1,8,3,9,17,0,0,17,3,0,4,3,0,0,0,0,8,8,1,0,6,0,2,66.0,2026
GCS,15,Anderson,Noah,22,365,112,243,608,7,11,0,79,72,116,117,78,15,23,15,205,406,2,8,17,22,17,85.3,2026
GCS,2,Noble,John,23,406,164,199,605,7,4,0,44,126,68,15,61,18,14,7,91,441,3,4,21,19,5,82.2,2026
GCS,11,Miller,Touk,23,242,87,332,574,12,6,0,96,35,79,86,67,17,20,9,196,394,3,6,26,4,11,82.2,2026
GCS,6,Uwland,Bodhi,23,342,145,189,531,1,1,0,40,96,37,10,54,25,13,1,132,291,12,0,123,10,7,86.2,2026
GCS,18,Rowell,Matt,18,248,42,223,471,3,5,0,125,34,87,136,84,43,35,12,255,213,4,0,7,5,7,82.1,2026
GCS,3,Petracca,Christian,20,211,63,253,464,22,16,0,46,9,89,100,76,15,17,15,222,238,4,13,14,3,16,81.3,2026
GCS,1,Andrew,Mac,23,250,155,156,406,2,2,35,36,81,31,12,64,27,29,0,122,276,21,1,126,5,6,90.8,2026
GCS,17,Rioli,Daniel,20,206,77,192,398,2,3,0,49,54,52,10,41,12,14,2,82,292,1,1,14,57,6,79.3,2026
GCS,16,Jeffrey,Joel,22,260,116,120,380,7,3,0,43,62,58,15,37,13,14,0,84,268,5,9,37,18,9,73.6,2026
GCS,27,Powell,Wil,20,200,95,146,346,5,7,0,78,66,46,19,39,14,17,0,101,217,1,0,24,4,5,81.8,2026
GCS,8,Lombard,Leo,23,158,59,185,343,18,20,0,59,9,68,22,64,9,22,0,127,218,1,12,13,23,19,80.4,2026
GCS,25,Collins,Sam,21,145,128,147,292,0,0,0,23,54,6,3,30,17,8,0,122,173,17,0,146,3,0,90.2,2026
GCS,19,Humphrey,Bailey,20,145,58,127,272,22,26,0,61,5,68,29,57,14,32,1,128,156,7,27,13,2,17,81.2,2026
GCS,32,Uwland,Zeke,17,159,65,103,262,7,6,0,22,34,41,7,47,11,15,1,60,204,1,1,7,7,3,70.8,2026
GCS,22,Long,Ben,21,134,65,79,213,28,17,0,52,5,47,12,66,9,24,1,90,117,7,25,31,1,15,79.0,2026
GCS,33,Clohesy,Sam,12,105,52,90,195,2,4,0,33,18,23,7,24,6,10,0,48,137,0,5,11,4,3,73.3,2026
GCS,34,King,Ben,23,127,84,48,175,60,26,2,14,0,23,1,39,20,23,4,77,99,22,64,21,3,4,86.1,2026
GCS,14,Weller,Lachie,11,85,32,74,159,5,1,0,22,15,28,11,18,5,3,0,47,109,2,4,12,13,7,68.8,2026
GCS,38,Addinsall,Beau,9,62,33,92,154,2,0,0,19,7,16,19,21,5,5,0,48,100,1,2,4,3,2,69.0,2026
GCS,23,Moyle,Ned,16,72,29,82,154,4,3,558,34,19,31,42,33,21,15,0,101,57,11,3,57,0,2,79.9,2026
GCS,20,Read,Ethan,15,88,41,61,149,12,10,32,19,6,14,12,45,19,17,0,66,82,11,17,25,0,2,73.6,2026
GCS,4,Walter,Jed,18,91,58,50,141,33,14,13,23,3,26,1,38,15,17,0,70,71,20,33,33,0,7,76.4,2026
GCS,28,Witts,Jarrod,13,67,18,66,133,2,1,371,25,14,22,49,39,18,20,0,98,40,4,1,31,0,3,63.9,2026
GCS,26,Graham,Will,12,59,32,71,130,5,4,0,39,3,33,13,24,11,11,0,63,74,3,6,6,4,8,68.5,2026
GCS,48,Adams,Oscar,13,57,48,72,129,0,0,0,18,15,6,0,26,10,18,0,38,89,3,0,50,1,0,73.8,2026
GCS,35,Murray,Jai,9,78,34,47,125,0,2,0,15,19,19,4,23,3,8,0,33,95,0,0,1,4,4,70.9,2026
GCS,39,Gulbin,Lachlan,11,61,29,58,119,5,5,0,26,6,27,1,24,8,4,0,40,81,1,6,12,1,4,73.2,2026
GCS,5,Davies,Alex,6,32,6,65,97,3,4,0,27,4,17,15,17,6,8,0,52,46,0,0,7,0,1,58.2,2026
GCS,10,Ballard,Charlie,11,59,43,37,96,0,0,0,12,13,1,1,16,6,8,0,36,63,10,1,38,0,1,75.5,2026
GCS,29,Rogers,Jake,9,41,12,49,90,4,1,0,19,1,16,6,11,5,3,0,38,55,0,1,3,2,7,65.7,2026
GCS,7,Holman,Nick,7,32,16,49,81,3,1,0,17,4,11,7,14,4,8,0,33,49,0,4,14,0,1,76.6,2026
GCS,44,Jepson,Ben,5,32,20,21,53,0,1,0,12,8,6,2,7,3,4,0,13,40,1,0,2,1,1,69.0,2026
GCS,30,Patterson,Dylan,5,22,7,14,36,3,0,0,8,0,15,0,6,0,2,0,7,29,0,2,4,1,7,61.2,2026
GCS,9,Ugle-Hagan,Jamarra,3,15,8,2,17,4,3,0,2,0,3,0,8,4,1,0,7,9,1,4,2,0,1,66.7,2026
GCS,50,Farrar,Jy,3,6,4,8,14,1,1,0,5,0,2,0,5,1,1,0,6,9,0,2,3,0,2,58.3,2026
GCS,45,Lewis,Caleb,2,4,3,1,5,0,1,0,4,0,1,0,4,2,2,0,3,3,0,0,3,0,0,53.5,2026
GWS,10,Oliver,Clayton,23,256,68,439,695,4,6,0,110,46,93,168,103,27,46,23,343,346,2,3,20,0,9,81.4,2026
GWS,7,Ash,Lachie,23,437,165,223,660,1,2,0,37,150,84,24,78,14,18,5,117,475,1,3,35,70,9,82.4,2026
GWS,6,Whitfield,Lachie,21,370,124,220,590,1,0,0,52,98,53,15,56,13,18,2,101,372,1,1,31,4,7,78.7,2026
GWS,17,Callaghan,Finn,19,254,57,279,533,8,2,0,81,61,98,83,83,18,22,10,158,377,2,1,24,29,11,81.2,2026
GWS,39,Idun,Connor,23,265,149,214,479,0,0,0,42,89,19,8,38,11,13,0,134,316,10,0,117,10,0,99.3,2026
GWS,4,Greene,Toby,21,298,79,133,431,34,28,0,62,19,120,72,103,24,33,10,187,249,9,26,26,1,22,81.4,2026
GWS,1,Thomas,Harvey,22,198,70,225,423,9,8,0,84,50,51,39,58,15,19,1,169,264,4,7,30,8,8,81.7,2026
GWS,27,Himmelberg,Harry,23,223,129,166,389,2,1,0,31,76,31,7,61,10,20,0,111,236,12,3,136,9,2,87.0,2026
GWS,37,Fonti,Joe,22,232,141,154,386,2,0,0,58,72,28,10,80,15,29,0,80,300,5,0,86,17,1,82.3,2026
GWS,3,Coniglio,Stephen,21,178,57,175,353,13,8,0,60,14,49,34,39,7,12,2,121,226,3,10,21,5,18,74.4,2026
GWS,9,Angwin,Ryan,20,158,60,173,331,7,3,0,56,33,58,36,43,15,13,0,125,206,3,3,25,3,9,81.6,2026
GWS,20,Stringer,Jake,23,202,86,70,272,48,45,0,48,2,61,17,53,20,19,6,140,134,10,45,31,0,17,85.1,2026
GWS,25,Laverde,Jayden,19,151,106,119,270,0,1,0,40,56,11,2,44,11,18,0,88,173,18,0,107,0,0,83.1,2026
GWS,14,Bedford,Toby,17,94,33,145,239,11,8,0,83,10,37,23,31,12,15,0,95,142,1,9,11,2,10,76.2,2026
GWS,11,Gothard,Phoenix,16,104,31,125,229,18,12,0,59,4,32,18,26,16,12,3,93,142,0,13,13,10,8,72.8,2026
GWS,33,OHalloran,Xavier,14,117,32,108,225,4,8,0,34,21,49,26,38,5,9,0,89,130,1,4,16,8,9,75.9,2026
GWS,32,Briggs,Kieren,18,120,28,95,215,2,4,433,62,21,43,78,53,24,20,0,141,75,4,4,32,0,4,68.1,2026
GWS,5,Cadman,Aaron,18,130,76,61,191,33,20,0,39,0,40,3,40,17,9,0,79,120,17,30,26,0,11,90.6,2026
GWS,24,Rowston,Harry,12,109,40,80,189,6,1,0,33,16,27,21,31,5,11,0,63,124,0,2,11,2,8,65.8,2026
GWS,46,Brown,Callum,18,115,58,71,186,22,11,30,41,7,35,6,38,17,13,0,70,116,8,20,17,0,7,75.2,2026
GWS,16,Daniels,Brent,10,94,25,84,178,11,1,0,39,8,42,39,28,6,11,1,76,96,1,1,12,8,7,71.0,2026
GWS,15,Taylor,Sam,12,73,62,61,134,0,0,0,23,24,9,2,22,11,8,0,59,77,15,0,85,1,0,80.0,2026
GWS,35,Gruzewski,Max,15,86,59,41,127,20,12,0,9,1,21,0,13,4,2,0,49,81,10,31,16,0,5,74.4,2026
GWS,18,Stone,Conor,10,60,29,62,122,4,4,0,17,11,19,6,15,4,5,0,38,84,0,3,16,3,5,69.8,2026
GWS,41,Madden,Nick,9,32,18,80,112,1,3,209,28,9,11,25,26,13,13,0,68,47,5,2,16,0,1,62.6,2026
GWS,26,Riccardi,Jake,9,63,34,41,104,14,4,58,17,1,20,5,28,4,13,0,30,77,5,11,11,0,5,73.6,2026
GWS,44,Buckley,Jack,9,65,33,35,100,0,0,0,12,21,5,1,17,8,8,0,35,66,5,0,56,0,0,81.7,2026
GWS,38,Delana,Josaia,9,43,12,43,86,1,4,0,35,2,19,12,16,5,11,0,41,46,0,1,9,0,7,71.8,2026
GWS,31,McMullin,Toby,8,43,18,43,86,0,4,0,11,12,9,3,18,2,9,0,26,58,0,1,8,0,5,65.4,2026
GWS,23,Hogan,Jesse,9,56,40,25,81,12,12,0,8,0,14,1,18,6,6,0,32,50,10,22,9,0,2,85.1,2026
GWS,43,Hamilton,Riley,8,41,10,30,71,5,8,0,24,0,11,3,22,4,7,0,27,40,1,5,5,0,1,73.5,2026
GWS,30,Leake,James,5,32,16,33,65,0,0,0,11,9,4,3,10,0,2,0,19,46,3,0,17,1,0,72.8,2026
GWS,21,Aleer,Leek,7,27,13,34,61,2,6,60,31,3,11,10,12,5,7,0,41,20,4,1,17,0,1,58.9,2026
GWS,28,Ough,Jack,5,28,5,30,58,1,0,0,10,4,7,13,6,4,3,0,27,32,0,0,3,1,1,35.6,2026
GWS,19,Oliver,Harrison,5,32,10,18,50,1,0,0,11,3,5,3,11,5,6,0,8,42,0,0,4,0,2,65.2,2026
GWS,13,Hannaford,Oliver,5,26,12,20,46,2,3,0,6,1,6,1,15,2,3,0,19,27,0,4,0,0,1,55.8,2026
GWS,29,Angove,Cody,1,8,2,3,11,1,1,0,1,0,4,1,1,0,0,0,2,10,0,0,1,0,1,55.0,2026
HAW,3,Newcombe,Jai,25,298,79,340,638,8,10,1,102,46,97,184,109,55,45,21,315,338,3,7,35,10,16,79.6,2026
HAW,25,Ward,Josh,25,267,102,295,562,6,4,0,96,28,89,104,70,15,18,3,210,349,2,3,27,3,20,76.6,2026
HAW,9,Macdonald,Connor,25,296,112,222,518,16,14,0,81,18,111,56,66,14,15,11,174,336,3,14,12,7,19,78.0,2026
HAW,4,Impey,Jarman,23,344,152,173,517,5,4,0,36,99,73,14,65,8,14,5,102,369,6,1,25,17,9,78.4,2026
HAW,6,Sicily,James,24,335,171,172,507,2,3,0,38,123,52,8,69,29,22,3,160,294,24,3,80,12,7,89.1,2026
HAW,16,DAmbrosio,Massimo,25,320,119,183,503,5,12,0,70,44,95,25,58,15,12,0,130,369,9,8,23,14,11,81.5,2026
HAW,28,Mackenzie,Cam,23,236,51,225,461,4,8,0,94,27,77,84,63,20,15,0,163,293,2,2,15,4,15,70.9,2026
HAW,24,Battle,Josh,23,298,145,157,455,2,3,3,34,111,30,5,57,11,19,5,114,276,19,1,108,12,0,95.9,2026
HAW,33,Ginnivan,Jack,24,283,127,167,450,20,18,0,56,28,100,26,60,18,13,7,122,321,2,17,30,4,21,78.8,2026
HAW,8,Moore,Dylan,24,226,106,214,440,24,16,0,67,13,79,20,58,17,11,2,128,305,5,19,17,3,23,85.5,2026
HAW,15,Hardwick,Blake,25,307,144,129,436,9,4,0,58,82,30,8,57,18,20,3,112,278,15,10,74,7,1,90.1,2026
HAW,10,Amon,Karl,20,290,104,121,411,0,5,0,41,88,44,10,46,3,10,0,58,290,0,0,29,18,9,79.9,2026
HAW,23,Weddle,Josh,22,188,106,148,336,7,15,8,56,47,59,13,46,13,14,0,104,233,15,12,65,40,10,84.1,2026
HAW,5,Watson,Nick,23,194,53,120,314,63,26,0,50,4,59,32,46,24,12,9,161,159,6,29,16,21,17,77.8,2026
HAW,2,Lewis,Mitch,24,196,129,98,294,39,24,2,36,2,67,8,58,26,18,1,115,180,32,44,42,2,14,77.6,2026
HAW,17,Meek,Lloyd,25,124,53,169,293,4,3,652,84,23,40,89,67,32,31,0,177,114,12,6,55,0,9,63.7,2026
HAW,12,Day,Will,13,149,47,119,268,9,5,0,52,19,55,60,48,13,18,6,108,150,6,6,14,4,4,69.8,2026
HAW,1,Morrison,Harry,15,151,75,113,264,5,1,0,41,19,36,19,38,8,9,0,74,177,2,5,11,2,11,82.9,2026
HAW,19,Gunston,Jack,19,170,109,29,199,66,37,0,18,0,23,2,31,14,16,9,61,134,11,76,13,0,2,88.3,2026
HAW,11,Nash,Conor,10,80,21,111,191,2,2,0,53,14,20,55,31,13,10,0,102,90,0,2,15,0,4,74.4,2026
HAW,18,Chol,Mabior,20,142,81,47,189,31,21,32,45,3,44,23,58,15,21,0,102,87,29,38,36,0,12,72.3,2026
HAW,37,Barrass,Tom,21,116,84,69,185,1,0,0,23,40,9,2,27,9,17,1,77,110,23,0,132,0,0,81.3,2026
HAW,42,Macdonald,Bailey,14,75,34,95,170,0,1,0,43,18,18,4,22,7,11,0,51,111,0,0,20,6,1,74.7,2026
HAW,7,Reeves,Ned,15,63,12,49,112,5,4,362,35,4,19,44,28,21,16,0,72,35,2,4,30,0,5,53.3,2026
HAW,14,Scrimshaw,Jack,6,52,28,52,104,0,0,0,9,19,2,2,24,2,9,0,35,67,1,0,14,3,1,78.8,2026
HAW,30,Butler,Sam,8,66,27,31,97,4,4,0,28,4,18,7,15,3,3,0,26,69,1,2,3,0,4,72.1,2026
HAW,20,Maginness,Finn,6,28,11,54,82,2,1,0,12,8,4,3,13,3,5,0,33,50,1,2,3,0,1,73.5,2026
HAW,39,Perez,Flynn,7,36,14,43,79,0,0,0,25,3,9,1,14,7,10,0,25,58,0,0,11,0,2,74.4,2026
HAW,21,Mraz,Noah,4,43,21,17,60,1,2,7,12,8,5,4,7,6,3,0,25,34,8,2,24,1,0,84.5,2026
HAW,34,Dalton,Jack,5,25,16,31,56,3,3,0,19,6,8,2,12,1,3,0,21,41,0,1,4,2,2,67.4,2026
HAW,22,Nairn,Cameron,4,30,17,22,52,0,0,0,2,5,2,0,11,4,2,0,9,42,0,0,5,1,2,71.3,2026
HAW,26,Ryan,Bodie,5,39,19,12,51,0,0,0,6,6,3,1,12,2,7,0,8,40,1,0,5,0,1,76.2,2026
HAW,35,Greeves,Ollie,4,22,19,27,49,1,1,0,6,2,6,4,6,4,1,0,16,34,0,2,2,0,3,55.0,2026
HAW,13,Dear,Calsher,5,27,18,18,45,4,5,0,13,1,8,0,7,6,2,0,22,25,1,9,8,1,2,77.6,2026
HAW,27,McCabe,Will,4,23,14,12,35,2,2,0,4,2,8,1,6,1,1,0,6,28,0,2,3,2,0,71.3,2026
HAW,40,Beattie,Max,4,21,7,9,30,3,3,0,7,2,8,0,6,2,1,0,10,20,0,2,1,1,2,53.0,2026
HAW,44,Hustwaite,Henry,1,7,1,12,19,0,0,0,3,1,1,6,3,0,0,0,9,10,0,0,0,0,0,71.0,2026
HAW,38,Ramsden,Max,2,6,6,13,19,1,1,0,1,0,1,1,4,1,1,0,10,9,2,1,4,0,0,79.0,2026
HAW,41,Hill,Matt,2,5,0,8,13,2,1,0,2,0,4,2,3,0,2,0,7,5,0,0,0,0,1,55.5,2026
HAW,29,Schubert,Aidan,1,6,5,3,9,0,2,4,1,0,3,0,3,0,0,0,0,9,0,3,0,0,1,62.0,2026
MEL,9,Steele,Jack,24,220,77,344,564,4,4,0,145,32,89,120,72,30,17,4,254,305,3,7,26,3,14,76.8,2026
MEL,36,Pickett,Kysaiah,24,387,70,155,542,28,21,0,111,38,115,107,120,35,29,20,214,311,6,16,43,47,21,83.5,2026
MEL,32,Sparrow,Tom,24,298,63,225,523,12,11,0,152,36,112,129,87,22,28,12,214,286,0,7,32,11,12,75.4,2026
MEL,11,Gawn,Max,24,260,106,257,517,13,9,789,44,41,88,158,76,57,31,28,313,208,34,13,61,0,11,83.6,2026
MEL,15,Langdon,Ed,24,242,121,223,465,12,9,0,48,58,53,20,44,8,12,3,124,323,2,13,27,15,13,89.9,2026
MEL,12,Tholstrup,Koltyn,24,258,100,164,422,3,3,0,34,86,41,17,46,21,10,0,139,243,8,3,49,13,6,82.9,2026
MEL,17,Bowey,Jake,16,276,65,123,399,2,3,0,39,99,35,21,26,15,5,0,90,229,1,0,16,14,5,83.4,2026
MEL,4,Langford,Harvey,24,193,90,197,390,23,10,0,46,22,51,37,63,15,12,3,156,227,16,21,12,8,10,76.6,2026
MEL,37,Chandler,Kade,23,187,57,169,356,22,14,0,105,21,88,47,56,15,17,3,156,200,2,12,23,14,23,82.3,2026
MEL,24,Rivers,Trent,17,208,82,135,343,3,3,0,39,71,44,10,33,7,7,0,77,231,4,2,17,14,8,73.5,2026
MEL,8,Lever,Jake,22,221,147,104,325,0,0,0,33,72,20,0,48,24,22,0,90,223,10,0,126,1,1,95.7,2026
MEL,6,Windsor,Caleb,21,180,43,140,320,9,6,0,56,14,90,31,47,10,13,0,111,215,1,1,16,11,12,71.4,2026
MEL,30,Sharp,Harry,24,184,62,124,308,26,16,0,55,8,84,24,53,23,17,0,104,202,0,12,19,25,17,81.0,2026
MEL,22,Howes,Blake,20,156,97,147,303,0,0,0,39,43,23,5,36,2,13,0,83,219,6,0,54,0,4,80.6,2026
MEL,10,Turner,Daniel,20,200,120,92,292,2,3,0,31,64,31,1,49,12,15,0,103,175,21,0,104,4,2,90.9,2026
MEL,31,Fritsch,Bayley,22,184,81,97,281,36,19,0,49,6,53,12,32,20,9,0,104,181,12,34,24,6,16,86.2,2026
MEL,2,van Rooyen,Jacob,22,154,104,108,262,42,21,37,28,2,42,18,46,17,11,10,132,135,25,51,29,0,10,82.9,2026
MEL,14,Jiath,Changkuoth,16,152,89,83,235,0,0,0,24,49,30,4,34,12,12,1,64,164,7,1,46,11,5,70.7,2026
MEL,47,Fitzgerald,Joel,11,107,18,111,218,2,2,0,53,10,37,36,35,6,9,1,82,133,0,1,5,0,6,61.2,2026
MEL,16,Laurie,Bailey,17,120,45,93,213,13,13,0,34,13,37,11,34,4,9,0,63,147,1,9,9,2,9,63.9,2026
MEL,35,Petty,Harry,20,129,101,77,206,26,14,24,54,11,28,5,42,15,23,1,98,108,30,35,72,0,12,84.8,2026
MEL,3,Salem,Christian,9,104,22,39,143,1,2,0,18,33,14,6,22,2,5,0,39,75,0,1,7,1,3,68.7,2026
MEL,33,Pickett,Latrelle,16,82,27,58,140,10,9,0,17,6,40,16,43,8,17,0,58,92,1,5,13,37,8,66.2,2026
MEL,21,Jefferson,Matthew,16,70,46,51,121,18,15,1,22,0,20,1,26,13,9,0,68,53,19,22,19,0,10,75.6,2026
MEL,25,McDonald,Tom,11,81,48,39,120,3,0,5,14,34,8,2,25,6,13,0,33,86,4,2,60,2,1,89.8,2026
MEL,5,Lindsay,Xavier,7,69,15,33,102,1,0,0,15,27,8,4,10,1,2,0,26,57,0,0,10,0,3,69.9,2026
MEL,41,Cross,Paddy,11,51,23,36,87,6,4,0,31,6,19,5,16,6,9,0,34,58,4,4,12,0,4,69.5,2026
MEL,13,Culley,Jai,7,45,21,41,86,1,3,0,15,4,14,10,6,4,2,0,44,43,6,5,6,1,5,70.0,2026
MEL,28,Mihocek,Brody,10,57,39,14,71,16,7,6,11,1,16,2,20,5,7,0,31,43,12,20,6,0,4,70.0,2026
MEL,18,Melksham,Jake,7,32,21,21,53,8,4,0,7,0,12,1,18,3,7,0,20,34,3,10,11,2,4,76.7,2026
MEL,27,Heath,Max,7,19,9,27,46,2,3,96,10,3,10,11,11,9,7,0,32,17,5,0,7,0,2,37.9,2026
MEL,19,Taylor,Xavier,3,8,4,13,21,0,0,0,5,6,2,1,3,0,3,0,12,12,1,0,13,0,0,80.7,2026
MEL,46,Cooke,Lukas,2,9,8,7,16,0,1,0,2,5,1,0,3,1,1,0,7,10,2,1,4,0,0,47.5,2026
MEL,45,Moniz-Wakefield,Andy,2,7,3,8,15,1,0,0,5,1,4,1,3,1,0,0,5,8,0,0,1,0,0,38.0,2026
MEL,44,Kentfield,Luker,3,10,6,4,14,1,3,15,6,3,1,1,7,0,4,0,7,8,1,3,5,0,1,52.0,2026
MEL,7,Viney,Jack,1,6,2,7,13,0,0,0,4,0,0,2,2,1,0,0,7,6,0,0,1,0,0,49.0,2026
MEL,42,Johnson,Aidan,1,4,3,6,10,0,0,1,4,0,2,3,6,1,4,0,6,5,0,0,2,0,1,59.0,2026
NTH,3,Sheezel,Harry,22,325,144,345,670,12,12,0,107,41,97,99,69,17,23,27,216,446,5,15,18,4,12,80.6,2026
NTH,5,Daniel,Caleb,23,351,121,231,582,0,1,0,46,90,42,33,45,11,10,0,106,410,0,0,30,10,9,83.4,2026
NTH,26,Parker,Luke,23,364,150,218,582,3,0,0,44,119,32,22,63,21,16,6,122,381,8,4,42,15,6,85.7,2026
NTH,9,Davies-Uniacke,Luke,23,269,85,299,568,7,5,0,111,33,119,135,85,32,38,19,250,331,6,7,17,21,12,83.1,2026
NTH,12,Simpkin,Jy,23,287,118,220,507,13,11,0,49,32,84,61,65,20,27,2,148,355,7,16,19,15,11,83.6,2026
NTH,10,McKercher,Colby,23,311,80,188,499,6,5,0,52,58,70,19,68,6,22,2,65,393,0,5,6,54,10,81.6,2026
NTH,15,Stephens,Dylan,23,278,117,180,458,4,10,0,39,54,71,32,59,20,24,2,110,349,4,6,22,9,7,84.5,2026
NTH,2,OSullivan,Finn,19,179,75,197,376,5,6,0,56,20,59,65,68,17,20,0,135,251,2,9,27,2,10,82.7,2026
NTH,44,Zurhaar,Cameron,23,232,131,121,353,10,12,0,39,65,49,7,58,18,21,0,105,243,14,14,64,7,11,80.9,2026
NTH,38,Xerri,Tristan,19,129,55,208,337,8,5,405,113,24,37,126,72,57,34,3,271,74,19,8,45,0,8,76.0,2026
NTH,39,Blamires,Tom,17,169,53,124,293,3,4,0,29,37,42,16,34,14,7,0,76,198,0,5,12,9,5,75.0,2026
NTH,11,McDonald,Luke,18,184,99,104,288,1,1,0,35,62,26,8,45,12,17,0,60,219,3,1,48,1,4,85.2,2026
NTH,6,Wardlaw,George,16,146,39,126,272,6,2,0,86,19,46,65,50,24,23,0,149,129,1,3,30,3,3,61.1,2026
NTH,30,Comben,Charlie,22,161,125,101,262,1,0,0,46,57,13,5,53,22,29,0,94,171,26,0,156,1,1,91.3,2026
NTH,25,Curtis,Paul,20,161,78,87,248,38,22,0,71,6,43,18,58,23,25,2,96,139,11,35,26,0,17,79.9,2026
NTH,13,Spargo,Charlie,19,125,75,117,242,12,5,0,39,12,41,2,39,6,11,0,48,193,0,12,7,7,17,71.5,2026
NTH,27,Darling,Jack,22,143,96,88,231,36,13,20,50,12,32,15,37,18,10,1,119,107,31,40,21,0,13,71.0,2026
NTH,20,Larkey,Nick,23,150,111,80,230,45,28,0,25,0,30,1,31,33,7,1,97,134,23,56,23,0,11,89.3,2026
NTH,47,Trembath,Cooper,23,131,103,98,229,32,10,119,49,5,32,16,26,24,11,2,99,130,27,37,24,0,10,79.6,2026
NTH,4,Corr,Aidan,16,124,61,71,195,0,0,0,17,39,9,1,27,6,17,0,49,122,6,0,63,1,0,78.3,2026
NTH,19,Logue,Griffin,16,94,75,92,186,0,0,0,16,41,7,2,29,4,16,0,66,124,6,0,73,3,0,80.6,2026
NTH,37,Harvey,Cooper,7,82,39,56,138,0,0,0,11,20,13,1,14,2,6,0,20,103,3,0,7,1,1,76.9,2026
NTH,24,Powell,Tom,8,81,40,53,134,3,6,0,22,8,18,13,20,4,5,0,36,97,0,5,7,0,4,76.3,2026
NTH,7,Duursma,Zane,15,64,43,35,99,15,12,0,14,3,10,5,15,8,5,0,40,60,7,14,9,0,4,65.5,2026
NTH,41,Konstanty,Jacob,10,43,25,52,95,7,4,0,23,3,8,9,27,7,11,0,40,58,2,6,8,2,3,76.9,2026
NTH,17,Hardeman,Riley,7,62,23,31,93,1,0,0,10,14,16,2,10,2,3,0,13,78,0,0,8,1,1,72.6,2026
NTH,31,Goater,Josh,6,46,29,46,92,0,2,0,5,15,7,1,12,2,3,0,18,73,2,0,11,2,0,67.8,2026
NTH,45,Banch,Zac,8,47,24,33,80,7,9,0,18,2,23,4,14,8,10,0,20,59,0,10,7,4,5,69.3,2026
NTH,32,Pink,Toby,5,38,25,23,61,0,0,0,4,12,6,0,6,2,4,0,15,44,0,0,25,0,0,90.8,2026
NTH,18,Dawson,Wil,10,29,18,29,58,0,3,88,27,6,9,7,15,7,6,0,24,34,2,2,13,0,1,50.0,2026
NTH,1,Dovaston,Lachy,6,29,15,20,49,3,4,0,10,0,12,5,10,4,2,0,21,27,0,5,2,4,3,59.2,2026
NTH,21,Coleman-Jones,Callum,5,21,7,25,46,0,0,52,7,2,3,18,18,2,9,0,27,19,0,1,7,0,1,51.4,2026
NTH,8,Scott,Bailey,3,16,11,19,35,0,1,0,8,4,5,1,4,0,1,0,5,31,0,1,3,0,0,72.0,2026
NTH,35,Whitlock,Matt,3,12,9,7,19,2,2,0,1,0,3,0,3,3,1,0,6,14,0,5,2,0,1,62.7,2026
NTH,16,Fisher,Zac,1,8,3,6,14,0,0,0,2,0,0,0,1,1,0,0,3,10,0,0,0,1,0,70.0,2026
NTH,22,Goad,Taylor,2,4,0,3,7,0,0,26,6,1,3,1,2,1,1,0,4,3,0,0,4,0,0,33.0,2026
PAD,9,Butters,Zak,17,289,59,217,506,5,10,0,72,17,97,104,69,34,21,26,208,292,2,1,23,27,9,82.4,2026
PAD,7,Burgoyne,Jase,23,321,121,182,503,10,5,0,85,57,85,58,67,23,13,3,185,283,4,13,30,6,17,82.9,2026
PAD,18,Horne-Francis,Jason,21,335,104,154,489,27,17,0,70,24,83,121,93,42,38,22,208,274,9,30,20,22,16,78.7,2026
PAD,33,Byrne-Jones,Darcy,22,287,113,160,447,4,3,0,41,80,31,18,51,13,7,1,124,277,2,2,30,8,5,79.1,2026
PAD,28,Drew,Willem,22,224,58,191,415,2,1,0,119,22,78,101,65,28,18,0,205,210,2,1,46,3,10,81.7,2026
PAD,16,Wines,Ollie,19,147,74,267,414,3,3,0,76,23,52,65,57,12,17,0,174,236,1,9,8,1,17,65.3,2026
PAD,35,Richards,Joe,20,227,88,143,370,9,12,0,90,19,70,58,48,13,12,2,129,233,2,6,22,10,12,80.3,2026
PAD,21,Aliir,Aliir,22,268,174,67,335,1,1,0,24,87,10,1,62,15,23,4,116,210,31,0,97,1,1,96.7,2026
PAD,22,Evans,Logan,19,247,107,85,332,2,0,0,40,79,21,7,51,13,20,0,67,223,7,1,60,12,1,85.6,2026
PAD,5,Berry,Joe,23,173,75,125,298,14,14,0,39,12,77,17,45,24,16,0,106,200,1,8,11,2,13,75.3,2026
PAD,24,Sweet,Jordon,22,148,51,132,280,11,18,664,53,23,53,109,78,36,43,1,202,99,12,12,80,2,6,79.7,2026
PAD,14,Bergman,Miles,16,179,94,91,270,4,4,0,39,44,43,17,37,9,11,0,85,175,12,3,26,7,3,77.3,2026
PAD,19,Georgiades,Mitch,21,188,136,72,260,51,47,0,25,2,19,8,67,13,23,2,86,170,27,83,22,2,10,89.2,2026
PAD,34,Jones,Lachie,20,158,71,94,252,2,0,0,45,68,20,3,35,19,7,0,77,136,3,1,73,2,4,80.4,2026
PAD,6,Farrell,Kane,13,210,86,41,251,2,4,0,25,60,34,10,27,6,9,0,46,154,1,0,23,21,1,78.8,2026
PAD,43,Lai,Josh,19,151,97,73,224,0,0,0,30,58,26,4,33,15,10,0,72,156,10,0,55,1,3,78.5,2026
PAD,15,Wehr,Jacob,17,158,56,60,218,1,5,0,37,33,40,16,43,8,12,0,50,159,1,4,10,0,6,75.5,2026
PAD,44,Durdin,Corey,23,151,77,62,213,32,18,0,47,1,42,7,42,14,14,0,88,130,4,27,15,4,15,80.0,2026
PAD,17,Whitlock,Jack,23,123,88,76,199,24,24,30,20,2,22,6,40,19,16,0,86,119,19,43,32,1,8,83.0,2026
PAD,11,Moraes,Christian,12,77,34,92,169,3,2,0,21,8,24,8,21,4,10,0,43,129,0,1,3,1,5,64.6,2026
PAD,31,Mackinlay,Ewan,14,104,39,58,162,6,3,0,36,17,26,11,27,5,2,0,58,108,2,2,7,10,3,77.4,2026
PAD,4,Marshall,Todd,15,121,69,30,151,8,8,0,22,25,22,0,27,6,6,0,43,94,8,15,20,1,5,73.1,2026
PAD,37,Watkins,Jack,11,89,33,60,149,3,0,0,24,6,26,13,22,2,6,0,41,103,2,2,5,1,3,62.8,2026
PAD,3,Mead,Jackson,10,83,33,42,125,1,2,0,25,18,28,17,19,4,9,0,38,77,1,2,4,2,4,70.6,2026
PAD,46,Bamert,Xavier,10,83,39,22,105,6,5,0,17,4,23,2,21,11,2,0,29,79,0,10,6,0,5,74.7,2026
PAD,38,Visentini,Dante,15,54,36,49,103,6,0,175,26,4,14,15,34,17,20,0,56,51,2,4,61,0,3,71.0,2026
PAD,12,Lukosius,Jack,8,74,45,18,92,6,4,0,18,8,29,1,15,2,5,0,31,64,5,7,19,0,5,70.6,2026
PAD,27,Ratugolea,Esava,8,58,43,28,86,0,0,0,10,22,2,2,12,3,5,0,37,42,13,0,38,0,1,82.5,2026
PAD,29,Anastasopoulos,Tom,5,36,15,21,57,2,1,0,13,5,10,0,12,1,1,0,9,48,0,2,4,0,0,73.6,2026
PAD,36,Lorenz,Will,3,32,13,24,56,0,1,0,5,8,7,6,10,4,2,0,20,31,0,0,3,1,0,74.3,2026
PAD,39,Zadow,Mitch,9,46,15,8,54,8,8,0,17,6,9,5,21,8,11,0,27,31,0,7,7,2,4,69.0,2026
PAD,1,Rozee,Connor,2,25,9,20,45,0,0,0,6,7,7,5,10,1,2,0,14,30,0,0,3,1,0,67.5,2026
PAD,41,OBrien,Balyn,6,23,10,19,42,0,0,0,11,8,4,5,13,4,3,0,18,24,0,0,12,0,0,73.2,2026
PAD,23,Brodie,Will,2,12,3,28,40,0,0,0,5,0,4,10,5,1,1,0,21,18,0,0,0,0,1,51.5,2026
PAD,32,Ramm,Harrison,6,17,12,15,32,0,0,3,9,2,4,1,11,3,6,0,22,9,5,0,35,0,0,80.8,2026
PAD,25,Zerk-Thatcher,Brandon,4,16,17,13,29,0,0,0,3,6,0,0,10,1,5,0,8,20,1,0,19,1,0,88.5,2026
PAD,47,Van Wyk,Alex,3,12,8,16,28,0,0,48,3,1,5,5,5,1,1,0,15,12,2,1,1,0,0,52.7,2026
PAD,26,Cochrane,Tom,3,17,6,5,22,2,3,0,7,0,9,1,11,0,1,0,10,12,0,3,2,0,3,66.7,2026
PAD,30,Lord,Ollie,1,4,1,3,7,0,1,7,2,0,0,1,2,1,0,0,5,2,0,1,0,0,0,79.0,2026
RIC,14,Taranto,Tim,21,237,62,283,520,15,14,0,109,25,86,134,66,35,13,10,264,243,4,17,15,3,10,81.3,2026
RIC,15,Short,Jayden,21,363,143,109,472,3,4,0,29,99,54,7,49,14,15,0,74,326,1,2,20,9,2,80.9,2026
RIC,5,Ross,Jack,19,165,66,276,441,6,7,1,81,19,71,75,65,27,14,3,199,248,4,2,19,13,10,76.6,2026
RIC,44,Campbell,Seth,23,218,62,141,359,18,18,0,49,20,66,39,70,11,17,0,128,217,5,16,20,28,13,79.4,2026
RIC,1,Vlastuin,Nick,22,231,95,117,348,1,2,0,50,98,15,11,55,32,23,0,117,178,11,0,34,4,1,83.0,2026
RIC,33,Retschko,Patrick,18,203,88,135,338,1,3,0,37,49,46,18,41,7,9,0,79,261,2,3,13,20,5,86.7,2026
RIC,3,Prestia,Dion,17,165,60,169,334,1,3,0,52,25,60,43,51,9,13,0,106,227,1,4,14,3,8,70.9,2026
RIC,35,Broad,Nathan,21,175,114,121,296,0,0,0,16,65,15,7,35,8,4,0,73,206,10,0,107,7,2,82.4,2026
RIC,24,Grlj,Sam,21,159,56,137,296,2,4,0,57,28,44,12,37,15,7,0,68,213,0,1,10,22,8,74.4,2026
RIC,6,Banks,Sam,18,179,58,116,295,1,1,0,27,51,31,9,30,3,13,0,61,203,0,1,11,1,1,72.5,2026
RIC,12,Miller,Ben,21,209,123,79,288,0,0,3,32,96,7,3,42,14,20,0,72,183,14,0,142,8,2,93.5,2026
RIC,30,Brown,Tom,18,200,76,73,273,1,4,0,19,67,38,11,38,7,13,0,79,153,10,3,34,1,7,74.9,2026
RIC,2,Hopper,Jacob,12,116,28,141,257,0,3,0,31,14,41,58,66,15,18,0,129,132,0,1,9,3,3,74.0,2026
RIC,40,Sonsie,Tyler,15,144,56,101,245,5,5,0,23,20,36,16,29,11,8,0,90,153,2,8,5,2,3,82.3,2026
RIC,36,Trezise,James,14,110,65,115,225,1,2,0,37,22,21,11,30,12,9,0,66,160,5,4,24,1,2,79.5,2026
RIC,48,Green,Steely,20,130,57,88,218,16,10,0,44,11,36,13,43,14,15,0,73,137,0,12,10,1,12,80.6,2026
RIC,22,Cumming,Sam,14,93,40,123,216,8,2,0,38,13,41,32,35,12,13,0,79,146,2,6,11,0,5,72.1,2026
RIC,21,Balta,Noah,17,145,83,69,214,11,8,121,17,35,33,30,56,16,17,1,109,108,28,14,41,7,2,82.2,2026
RIC,25,Nankervis,Toby,12,71,18,134,205,3,2,314,40,12,20,74,44,16,21,0,127,76,4,0,46,0,1,72.6,2026
RIC,28,McAuliffe,Kane,10,106,28,84,190,3,2,0,33,20,35,27,44,13,15,0,72,122,1,0,9,0,6,72.0,2026
RIC,13,Ralphsmith,Hugo,13,101,40,89,190,6,5,0,18,18,39,12,29,5,9,0,66,118,0,6,25,2,5,84.3,2026
RIC,4,Lalor,Sam,12,103,40,64,167,13,9,1,38,11,45,26,33,9,16,1,73,97,6,12,8,1,10,74.6,2026
RIC,42,Lefau,Mykelti,21,97,72,69,166,23,12,31,60,0,36,10,46,19,18,0,90,84,20,25,46,4,3,86.4,2026
RIC,11,Trainor,Luke,11,105,56,44,149,0,0,0,20,39,9,3,43,6,21,0,30,111,5,0,34,5,1,82.1,2026
RIC,19,Lynch,Tom,15,93,52,45,138,20,26,5,23,1,16,5,33,15,14,0,75,64,26,35,21,0,7,82.6,2026
RIC,10,Hotton,Taj,10,41,16,89,130,1,3,0,37,2,17,24,21,7,9,0,72,67,3,2,9,1,4,70.4,2026
RIC,41,Annand,Kye,11,86,51,35,121,0,0,0,9,38,8,4,23,8,7,0,40,83,4,0,83,0,0,86.8,2026
RIC,50,Gray,Campbell,10,47,29,23,70,1,0,12,20,21,3,2,20,9,14,0,26,46,3,1,54,1,0,68.2,2026
RIC,8,Faull,Jonty,10,45,27,24,69,7,7,4,14,1,13,0,15,6,3,0,29,41,5,10,21,0,1,80.8,2026
RIC,47,Hayes-Brown,Oliver,7,19,6,50,69,1,0,83,5,1,15,24,11,13,6,0,56,18,2,0,10,0,1,53.1,2026
RIC,17,Rioli,Maurice,10,35,15,34,69,1,3,0,32,3,17,8,17,11,8,0,38,39,3,2,7,0,6,70.6,2026
RIC,7,Mansell,Rhyan,6,48,25,18,66,8,6,0,20,1,15,2,15,4,4,0,22,42,3,10,5,0,2,74.5,2026
RIC,29,Alger,Jasper,8,33,21,32,65,13,5,0,12,0,6,3,14,7,8,0,30,37,4,14,10,0,3,68.6,2026
RIC,45,Burton,Tom,5,22,4,31,53,0,2,0,5,1,10,1,8,1,3,0,19,38,0,2,2,6,1,77.4,2026
RIC,32,Ryan,Samson,6,22,10,21,43,2,0,85,10,3,12,9,15,7,8,0,21,22,4,2,9,0,2,58.7,2026
RIC,43,Fawcett,Liam,7,29,18,9,38,11,3,0,6,0,9,0,13,6,3,0,16,24,3,11,7,0,2,78.7,2026
RIC,23,Clarke,Judson,3,17,7,18,35,0,1,0,4,5,6,4,3,1,0,0,15,18,0,0,2,0,0,71.0,2026
RIC,27,Roberts-Thomson,Noah,3,14,4,4,18,4,0,0,6,2,4,1,4,1,0,0,4,13,0,1,2,0,0,71.0,2026
RIC,26,Peucker,Zane,2,15,9,2,17,1,0,0,1,0,4,0,3,1,2,0,4,13,1,0,0,1,1,63.0,2026
RIC,34,Armstrong,Harry,4,8,7,5,13,1,1,0,1,0,2,0,3,1,1,0,5,10,2,2,3,0,0,69.0,2026
RIC,18,Gibcus,Josh,1,6,4,3,9,0,0,0,4,2,0,0,1,0,0,0,4,3,1,0,5,0,0,76.0,2026
SKN,8,Hill,Bradley,23,407,153,223,630,9,4,0,39,73,79,18,63,7,12,7,87,502,0,5,36,22,13,85.9,2026
SKN,34,Garcia,Hugo,23,245,60,297,542,11,7,0,129,20,83,137,73,27,18,7,229,308,0,6,36,9,15,75.3,2026
SKN,40,Hall,Max,23,263,106,271,534,26,20,0,87,19,110,97,58,22,12,12,206,337,3,18,19,20,19,81.0,2026
SKN,2,Windhager,Marcus,23,303,106,223,526,4,2,0,63,57,79,57,84,23,18,1,141,378,0,2,21,0,8,82.7,2026
SKN,44,Wilkie,Callum,23,349,221,163,512,0,1,0,35,117,8,3,41,17,14,9,129,338,26,0,108,18,0,95.5,2026
SKN,7,Wanganeen-Milera,Nasiah,17,365,50,130,495,19,13,0,44,81,81,53,79,29,15,21,129,276,4,9,10,69,17,77.5,2026
SKN,22,Wilson,Darcy,22,252,102,230,482,16,17,0,54,31,92,36,61,14,13,0,126,348,3,11,23,30,14,83.6,2026
SKN,35,Sinclair,Jack,15,286,94,121,407,2,2,0,24,76,41,16,32,6,4,1,75,267,1,0,26,12,8,78.8,2026
SKN,19,Marshall,Rowan,21,199,90,169,368,14,12,309,49,16,59,105,72,36,31,5,219,152,19,24,42,0,6,77.1,2026
SKN,25,Phillipou,Mattaes,21,154,68,204,358,10,14,0,75,18,57,48,50,17,14,0,125,231,2,9,9,3,10,72.5,2026
SKN,32,Wood,Mason,20,203,119,133,336,8,9,0,39,31,47,23,32,13,7,0,111,227,12,9,43,1,8,79.5,2026
SKN,3,Silvagni,Jack,23,215,140,112,327,5,3,0,46,66,19,2,60,17,32,0,122,202,21,7,126,7,1,91.8,2026
SKN,9,Flanders,Sam,12,153,67,125,278,1,3,0,45,30,40,26,24,16,4,3,74,197,0,3,10,14,1,74.9,2026
SKN,10,Owens,Mitch,20,136,70,127,263,29,23,20,40,3,43,18,46,33,13,3,137,138,24,31,35,2,11,85.2,2026
SKN,6,Macrae,Jack,12,89,36,171,260,0,1,0,56,10,34,53,39,11,9,0,121,142,0,0,13,0,4,62.1,2026
SKN,14,Stocker,Liam,18,154,81,104,258,0,0,0,28,51,17,7,35,11,17,0,70,161,5,0,46,1,0,74.8,2026
SKN,21,De Koning,Tom,20,128,63,128,256,11,9,364,29,18,48,58,77,20,39,0,139,127,17,15,34,0,6,74.3,2026
SKN,13,Byrnes,Ryan,15,136,64,117,253,4,3,0,29,28,22,20,33,7,6,0,63,192,0,2,11,1,7,79.9,2026
SKN,43,Sharman,Cooper,21,144,94,92,236,26,21,3,24,7,44,7,44,5,6,0,97,144,23,48,41,0,26,85.0,2026
SKN,18,Carroll,Jack,12,124,73,61,185,0,2,0,23,30,33,3,23,5,5,0,33,151,3,0,18,7,6,79.0,2026
SKN,1,Higgins,Jack,16,98,39,68,166,29,21,0,29,1,11,4,26,20,8,0,75,94,2,29,17,0,7,78.9,2026
SKN,38,Boxshall,Hugh,10,65,29,76,141,4,4,0,56,7,16,24,36,10,11,0,65,79,2,7,23,0,0,76.5,2026
SKN,45,OConnell,Liam,13,73,42,66,139,0,2,0,40,20,5,7,18,6,6,0,50,88,2,2,19,1,0,79.4,2026
SKN,47,Caminiti,Anthony,18,70,41,68,138,8,7,3,33,18,10,3,36,14,21,0,75,63,12,8,88,0,1,81.8,2026
SKN,31,Ryan,Liam,17,101,39,31,132,33,20,0,17,0,25,4,30,16,12,2,58,78,7,24,11,6,11,75.2,2026
SKN,39,Lake,Campbell,10,34,18,73,107,5,0,0,48,1,20,8,19,1,8,0,50,63,0,4,6,2,4,71.6,2026
SKN,11,Clark,Hunter,7,63,28,36,99,0,0,0,16,19,10,3,10,3,2,0,33,64,2,0,6,0,2,55.6,2026
SKN,16,Butler,Dan,10,58,16,40,98,6,2,0,43,4,17,4,25,8,13,0,32,68,3,2,3,1,3,68.6,2026
SKN,5,Travaglia,Tobie,7,40,23,56,96,0,0,0,10,6,5,6,6,1,4,0,26,66,3,0,9,1,0,61.3,2026
SKN,23,Henry,Liam,8,48,23,34,82,7,5,0,16,2,14,2,18,3,2,0,21,58,0,10,3,1,3,61.9,2026
SKN,24,Hastie,Angus,7,55,24,24,79,0,0,0,14,10,11,0,9,1,1,0,11,65,0,0,10,3,0,68.6,2026
SKN,20,Howard,Dougal,7,61,43,15,76,0,1,0,1,14,3,2,16,2,8,0,11,61,1,0,27,0,0,76.3,2026
SKN,26,Tauru,Alix,9,46,31,26,72,4,2,0,9,8,9,2,12,8,6,0,26,46,4,4,24,0,1,60.2,2026
SKN,36,Banfield,Charlie,3,21,11,8,29,1,0,0,11,2,6,2,3,2,0,0,14,16,3,2,3,0,0,67.0,2026
SKN,17,Keeler,Isaac,2,9,5,12,21,1,0,3,1,0,3,1,6,1,1,0,11,12,0,2,4,0,1,60.5,2026
SKN,12,King,Max,1,1,1,1,2,0,0,0,0,0,0,0,1,0,0,0,2,1,0,1,0,0,0,30.0,2026
SYD,22,Blakey,Nick,22,381,90,183,564,5,5,0,31,141,84,20,81,24,23,5,112,335,6,2,87,79,15,82.9,2026
SYD,5,Heeney,Isaac,20,258,69,280,538,32,14,0,98,30,84,124,81,40,17,26,261,260,11,22,18,8,20,79.8,2026
SYD,14,Mills,Callum,23,281,116,251,532,0,2,0,58,127,35,14,44,15,6,0,118,336,10,1,68,13,2,76.7,2026
SYD,1,Warner,Chad,22,310,69,204,514,34,23,0,80,22,149,98,89,21,24,12,204,305,4,16,21,68,30,78.5,2026
SYD,4,Grundy,Brodie,23,166,50,288,454,9,7,783,87,32,62,143,119,49,59,16,297,158,12,4,65,6,9,78.4,2026
SYD,44,Lloyd,Jake,25,245,111,192,437,18,9,0,54,39,68,21,41,10,9,0,123,299,2,21,48,11,13,85.0,2026
SYD,13,Serong,Jai,24,229,111,206,435,7,5,0,70,52,63,46,62,17,15,0,158,271,13,5,44,4,10,84.9,2026
SYD,21,Gulden,Errol,13,266,47,150,416,4,6,0,67,56,94,60,62,13,18,17,116,290,0,3,4,19,14,78.5,2026
SYD,26,Bice,Riley,20,230,99,178,408,3,1,0,41,57,41,9,54,11,7,2,87,280,3,2,51,43,11,80.1,2026
SYD,30,McCartin,Tom,22,207,143,197,404,0,0,0,31,91,23,7,65,21,27,3,122,267,25,0,132,4,1,92.3,2026
SYD,12,Sheldrick,Angus,20,177,41,213,390,5,7,0,73,29,70,61,71,12,24,0,163,219,0,1,12,5,13,59.8,2026
SYD,34,Roberts,Matt,21,204,83,160,364,4,7,0,44,40,64,28,39,22,6,0,105,252,0,2,31,11,6,83.9,2026
SYD,8,Rowbottom,James,23,178,31,176,354,9,9,0,150,20,67,73,56,32,11,0,180,180,1,5,37,0,14,73.6,2026
SYD,17,Jordon,James,22,131,42,203,334,5,3,0,86,19,53,42,34,17,12,0,120,214,1,4,12,1,9,84.4,2026
SYD,15,Wicks,Sam,20,189,61,134,323,1,3,0,54,64,44,10,57,10,22,0,82,216,6,1,23,41,6,81.8,2026
SYD,27,McInerney,Justin,14,134,55,184,318,15,12,0,36,21,53,42,44,19,15,3,96,224,1,8,16,3,13,77.5,2026
SYD,11,Papley,Tom,20,196,51,105,301,33,30,0,52,2,91,26,66,23,21,3,116,185,2,23,24,23,28,73.8,2026
SYD,35,Curnow,Charlie,24,223,112,51,274,75,38,0,25,0,46,1,69,32,28,10,142,126,48,71,40,0,8,86.1,2026
SYD,6,McDonald,Logan,23,150,94,101,251,51,17,19,29,8,33,8,31,16,13,0,104,147,22,48,26,0,16,77.5,2026
SYD,24,Rampe,Dane,17,112,45,124,236,0,0,0,32,49,17,9,28,11,11,0,80,146,5,1,72,3,1,78.3,2026
SYD,7,Cunningham,Harry,14,95,53,81,176,2,3,0,38,20,21,4,18,7,6,0,41,135,4,3,27,4,2,73.8,2026
SYD,28,Edwards,Will,14,71,45,82,153,0,0,0,13,40,10,0,38,11,18,0,67,76,10,0,105,1,3,85.6,2026
SYD,33,Cleary,Caiden,11,52,25,95,147,4,8,0,38,4,23,9,32,5,13,0,63,91,0,8,12,0,5,72.3,2026
SYD,10,Rosas,Malcolm,16,85,23,57,142,16,2,0,40,5,27,11,29,5,10,3,63,84,0,7,22,10,6,68.0,2026
SYD,32,Kyle,Harry,12,64,26,75,139,1,0,0,22,23,13,7,21,8,8,0,47,94,0,1,24,4,1,76.0,2026
SYD,16,Campbell,Braeden,8,75,16,61,136,5,6,0,28,3,41,13,21,8,4,1,49,80,1,3,6,3,9,79.6,2026
SYD,36,Amartey,Joel,15,79,48,44,123,28,18,14,26,0,16,5,32,13,10,1,60,65,13,33,24,0,6,74.3,2026
SYD,43,Melican,Lewis,11,68,41,54,122,0,1,0,15,19,17,0,16,5,4,0,46,66,8,0,51,0,2,80.3,2026
SYD,25,Cootee,Billy,11,57,27,54,111,12,4,0,34,0,26,7,27,8,9,0,40,74,0,12,8,3,6,70.4,2026
SYD,2,McLean,Hayden,12,60,31,48,108,16,5,75,21,7,12,14,24,10,7,0,60,40,14,17,35,0,3,69.1,2026
SYD,29,Hamling,Joel,11,36,40,60,96,1,2,0,13,18,4,2,13,8,7,0,44,53,10,4,67,1,2,84.8,2026
SYD,40,Hanily,Tom,7,34,19,42,76,4,6,0,20,2,18,2,9,6,6,0,27,52,2,3,7,0,3,63.4,2026
SYD,9,Dattoli,Jesse,5,41,18,29,70,4,8,0,12,0,18,7,9,1,1,0,26,43,0,7,3,0,5,65.2,2026
SYD,37,Warner,Corey,5,31,7,24,55,2,1,0,6,3,13,0,10,2,4,0,11,46,0,1,3,2,4,58.0,2026
SYD,19,Ladhams,Peter,2,14,3,15,29,1,0,45,3,3,1,11,6,4,2,0,22,9,2,0,3,0,0,71.5,2026
SYD,36,Green,Will,3,13,6,13,26,0,2,45,10,1,8,7,5,2,4,0,15,11,3,2,7,0,2,62.0,2026
WCE,9,Reid,Harley,23,267,45,299,566,15,27,0,75,26,104,151,155,58,69,15,308,273,4,5,25,41,8,80.4,2026
WCE,11,Kelly,Tim,21,246,85,258,504,2,5,0,71,42,100,100,71,18,11,2,200,305,0,1,15,7,13,75.3,2026
WCE,18,McCarthy,Tom,22,378,125,118,496,1,1,0,47,135,50,22,46,12,6,0,101,295,9,1,33,22,4,80.2,2026
WCE,14,Duggan,Liam,22,289,132,112,401,1,6,0,44,83,54,9,46,12,11,0,79,303,3,3,60,12,7,79.8,2026
WCE,1,Duursma,Willem,22,214,90,163,377,14,8,0,67,32,65,45,62,18,10,0,138,241,9,10,33,18,9,76.8,2026
WCE,6,Yeo,Elliot,21,193,53,157,350,13,13,0,109,11,77,78,68,22,23,4,163,181,1,13,20,5,7,70.0,2026
WCE,3,Baker,Liam,20,178,62,160,338,8,3,0,39,44,54,22,68,25,33,0,127,214,3,6,33,5,8,81.0,2026
WCE,47,Murdock,Milan,20,162,49,164,326,19,7,0,80,12,50,19,42,26,11,1,139,183,1,4,10,11,8,75.9,2026
WCE,20,Young,Tylar,23,237,128,74,311,0,0,0,19,80,27,2,42,20,24,0,89,212,9,0,115,2,2,87.0,2026
WCE,19,Hough,Brady,23,157,100,135,292,6,2,0,58,45,27,15,41,15,22,0,81,218,2,2,44,0,5,79.6,2026
WCE,38,Davis,Hamish,21,141,67,148,289,2,3,0,45,28,36,21,35,12,8,0,102,190,3,3,23,2,5,75.2,2026
WCE,2,Waterman,Jake,23,221,141,61,282,49,56,0,28,5,51,2,49,23,14,6,81,195,19,67,19,0,12,88.0,2026
WCE,5,Lindsay,Josh,15,200,60,80,280,1,1,0,16,54,22,6,32,5,9,0,53,169,1,1,15,2,1,74.9,2026
WCE,32,Williams,Bailey,19,141,39,110,251,8,7,570,57,27,49,99,57,35,22,1,188,71,21,6,50,0,10,77.9,2026
WCE,26,Allan,Bo,19,143,60,104,247,5,3,0,39,22,39,21,54,8,19,0,96,154,9,5,17,5,5,79.1,2026
WCE,17,Graham,Jack,13,128,29,108,236,4,0,0,81,21,37,38,48,18,23,0,94,149,0,1,3,0,9,75.1,2026
WCE,51,Herbert,Marcus,10,119,53,97,216,0,1,0,21,26,16,6,30,0,11,0,48,139,3,0,10,31,0,79.8,2026
WCE,23,Maric,Ryan,12,119,46,94,213,1,2,0,25,13,27,11,19,10,6,0,60,147,2,1,8,2,4,78.5,2026
WCE,28,Cole,Tom,17,124,66,86,210,9,6,0,42,9,39,10,36,13,16,0,66,147,3,6,25,8,7,79.8,2026
WCE,35,Shanahan,Jobe,23,128,102,70,198,29,14,0,32,14,22,1,37,10,15,0,93,113,30,37,43,0,4,89.7,2026
WCE,7,Ginbey,Reuben,13,107,57,64,171,0,0,0,28,34,13,4,17,10,4,2,70,98,8,0,80,7,2,88.2,2026
WCE,33,Bazzo,Rhett,14,73,68,91,164,0,0,0,17,23,9,0,29,10,14,0,60,106,7,0,92,3,0,86.8,2026
WCE,21,Duff-Tytler,Cooper,16,66,33,77,143,4,11,73,43,6,27,19,37,16,13,0,76,68,4,13,32,0,4,69.3,2026
WCE,4,Starcevich,Brandon,11,91,32,40,131,1,0,0,21,37,14,4,30,8,11,0,42,61,6,0,21,1,0,75.9,2026
WCE,34,Williams,Jack,12,64,35,50,114,9,9,46,24,4,19,15,21,9,12,0,56,62,9,11,14,0,7,75.4,2026
WCE,40,Robertson,Deven,4,37,9,37,74,0,0,0,22,5,15,15,13,3,3,0,39,39,0,0,4,0,1,74.5,2026
WCE,50,Francou,Oliver,4,36,12,35,71,0,1,0,24,5,9,12,18,6,6,0,35,40,0,0,0,2,0,67.5,2026
WCE,8,Hewett,Elijah,6,33,17,36,69,0,1,0,16,5,7,6,17,2,6,0,24,45,1,0,1,0,2,70.8,2026
WCE,24,Johnston,Harvey,8,33,19,31,64,4,2,0,19,0,6,1,13,4,3,0,20,44,0,2,1,0,3,73.8,2026
WCE,48,Schoenberg,Harry,5,33,12,27,60,1,3,0,9,2,9,5,10,1,3,0,19,42,0,1,2,0,1,77.6,2026
WCE,37,Champion,Malakai,8,28,15,31,59,4,2,0,16,1,12,5,15,3,8,0,28,37,1,3,7,1,2,71.1,2026
WCE,41,Brock,Sandy,6,30,20,21,51,0,0,0,8,12,3,2,11,1,7,0,17,38,2,0,25,0,0,82.2,2026
WCE,15,Cripps,Jamie,5,31,17,20,51,4,5,0,9,2,11,2,9,2,3,0,15,35,0,2,5,0,2,79.6,2026
WCE,44,Hutchinson,Jack,6,19,10,22,41,3,2,0,21,1,6,4,11,6,4,0,22,19,1,4,5,0,0,57.7,2026
WCE,27,Gross,Tom,4,21,10,19,40,2,3,0,11,1,9,1,2,3,1,0,16,27,0,3,1,0,2,67.3,2026
WCE,25,Flynn,Matt,4,16,3,23,39,1,0,75,17,4,4,15,12,4,8,0,27,15,1,1,8,0,2,73.3,2026
WCE,22,Reid,Archer,6,21,14,15,36,3,3,24,7,1,4,5,9,6,3,0,20,16,5,6,6,0,5,74.3,2026
WCE,16,Owies,Matthew,3,18,10,6,24,2,2,0,10,0,7,0,6,3,2,0,12,14,3,4,3,0,1,74.7,2026
WCE,46,Newton,Jacob,3,12,2,9,21,1,3,0,7,0,3,3,4,3,0,0,11,11,0,1,0,0,0,77.0,2026
WCE,42,Edwards,Harry,2,1,0,0,1,0,0,0,2,1,0,0,1,0,1,0,2,1,0,0,3,0,0,13.5,2026
WBD,4,Bontempelli,Marcus,24,326,99,312,638,31,14,4,97,48,143,142,84,20,19,34,277,381,6,17,68,11,22,84.0,2026
WBD,20,Richards,Ed,24,419,85,205,624,22,6,0,106,60,164,143,86,25,25,16,248,375,2,8,26,37,22,80.4,2026
WBD,8,Kennedy,Matthew,24,292,98,262,554,11,10,8,109,43,83,115,97,18,36,2,228,304,4,12,13,4,10,74.2,2026
WBD,31,Dale,Bailey,20,398,90,129,527,2,5,0,28,128,34,13,57,12,9,0,102,265,5,0,37,26,7,83.3,2026
WBD,9,Sanders,Ryley,23,196,76,329,525,5,5,0,89,28,58,80,59,18,22,0,184,342,5,3,10,10,9,81.5,2026
WBD,27,Freijah,Joel,25,256,95,229,485,12,12,0,99,41,66,102,96,14,32,3,201,289,2,10,46,7,22,82.8,2026
WBD,29,Bramble,Lachlan,25,256,84,150,406,4,4,0,43,60,58,22,37,12,9,1,96,256,3,1,23,25,13,80.4,2026
WBD,34,Williams,Bailey,19,228,108,155,383,7,8,0,34,57,48,17,44,15,13,0,99,269,4,9,20,12,3,82.2,2026
WBD,14,West,Rhylee,24,182,80,155,337,18,16,0,67,10,57,33,66,21,26,0,149,197,4,23,23,8,15,77.4,2026
WBD,6,Hynes,Cooper,23,173,57,147,320,12,4,0,63,22,53,27,54,5,14,0,101,220,3,8,19,1,6,75.9,2026
WBD,37,Sellwood,Michael,24,189,107,114,303,0,0,0,63,73,27,3,63,20,24,0,111,193,14,0,73,3,0,82.8,2026
WBD,24,Khamis,Buku,25,190,121,96,286,1,2,0,32,56,10,5,46,16,17,0,81,192,9,4,170,3,1,95.1,2026
WBD,33,Naughton,Aaron,24,174,117,102,276,51,34,2,35,0,36,2,49,26,14,4,134,139,37,65,35,1,26,81.1,2026
WBD,19,Budarick,Connor,16,178,71,91,269,1,1,0,33,47,19,11,28,11,7,0,56,177,2,0,28,9,1,74.9,2026
WBD,21,Liberatore,Tom,11,116,33,148,264,2,2,0,45,27,32,63,22,5,5,0,111,151,0,0,10,0,7,70.6,2026
WBD,44,English,Tim,17,132,74,119,251,6,2,394,46,18,36,42,33,27,18,1,122,145,10,10,55,1,5,75.4,2026
WBD,7,Lobb,Rory,22,153,91,92,245,5,9,209,62,42,28,26,44,16,16,0,115,130,22,14,110,1,6,85.7,2026
WBD,32,Jones,Arthur,20,130,63,98,228,27,20,0,43,2,41,7,46,29,20,0,95,140,11,27,18,6,9,74.3,2026
WBD,42,Davidson,Sam,18,141,55,85,226,8,10,0,46,14,35,13,38,10,10,0,68,167,6,11,24,4,7,76.1,2026
WBD,18,ODonnell,James,21,151,90,65,216,0,0,1,23,59,21,2,30,17,15,0,69,150,7,0,214,1,1,91.8,2026
WBD,17,Coffield,Nick,13,130,76,55,185,0,0,0,20,48,13,3,15,11,6,0,37,140,2,0,41,5,0,80.3,2026
WBD,11,Jaques,Lachie,10,99,44,48,147,0,1,0,21,27,19,4,19,8,5,0,31,109,1,1,14,2,3,76.1,2026
WBD,26,Dolan,Josh,13,75,32,71,146,5,7,0,25,1,34,7,15,10,3,0,48,97,0,6,3,6,6,68.8,2026
WBD,16,Croft,Jordan,17,74,37,61,135,13,9,25,25,5,28,11,41,16,17,0,59,78,5,10,23,2,5,71.1,2026
WBD,3,Weightman,Cody,11,82,26,51,133,7,9,0,24,7,26,11,20,12,9,0,63,69,1,9,9,0,2,73.6,2026
WBD,5,Busslinger,Jedd,8,95,37,34,129,0,0,0,3,30,7,1,24,6,12,0,25,88,0,0,68,7,1,92.5,2026
WBD,13,Baker,Oskar,9,67,44,45,112,9,2,0,8,6,16,6,20,2,10,0,25,85,1,7,12,5,2,67.2,2026
WBD,28,Lewis,Will,13,68,30,44,112,15,9,2,26,0,21,3,40,22,21,0,60,56,8,15,13,0,6,75.5,2026
WBD,30,McNeil,Lachlan,11,42,21,67,109,5,1,0,29,4,12,4,15,10,3,0,54,59,1,3,8,1,2,65.4,2026
WBD,35,Kennedy,Luke,8,33,9,50,83,2,3,0,29,2,10,8,7,4,4,0,41,45,2,1,3,0,1,69.1,2026
WBD,1,Treloar,Adam,5,38,18,45,83,2,3,0,5,5,12,10,7,2,2,0,23,62,1,2,3,1,0,58.4,2026
WBD,10,Darcy,Sam,6,44,21,25,69,12,9,27,11,1,10,5,20,14,10,1,41,29,10,10,12,0,4,72.8,2026
WBD,25,Emmett,Louis,7,15,9,23,38,0,2,30,15,1,7,9,11,5,5,0,20,20,0,3,12,0,0,52.9,2026
WBD,12,Gallagher,Harvey,3,23,4,11,34,1,5,0,0,2,8,2,5,4,1,0,10,23,0,0,1,1,0,69.7,2026
WBD,23,Vandermeer,Laitham,2,12,5,12,24,1,2,0,1,0,6,1,5,2,2,0,7,18,0,0,2,0,0,55.0,2026
WBD,43,Gardner,Ryan,4,12,6,5,17,1,0,16,3,3,2,2,6,1,1,0,3,13,0,0,18,0,0,44.0,2026
WBD,40,Smith,Lachlan,2,5,2,11,16,0,0,24,8,1,2,5,4,3,2,0,13,6,0,0,3,0,0,58.5,2026
WBD,36,Cleary,Luke,2,9,3,5,14,0,0,0,1,2,3,1,3,0,1,0,3,10,0,0,4,0,0,51.5,2026
WBD,2,Carmichael,Lachlan,2,10,6,1,11,0,0,0,3,1,3,0,4,0,1,0,0,10,0,0,0,0,0,63.5,2026
