club,num,first,last,state,source
ADE,12,Jordan,Dawson,SA,https://www.draftguru.com.au/years/2015
ADE,3,Sam,Berry,VIC,https://www.draftguru.com.au/years/2020
ADE,23,Izak,Rankine,SA,https://www.draftguru.com.au/years/2018
ADE,24,Josh,Worrell,VIC,https://www.draftguru.com.au/years/2019
ADE,30,Wayne,Milera,SA,https://www.draftguru.com.au/years/2015
ADE,29,Rory,Laird,SA,https://www.draftguru.com.au/years/2011
ADE,25,James,Peatling,NSW,https://www.draftguru.com.au/years/2020
ADE,15,Brayden,Cook,SA,https://www.draftguru.com.au/years/2020
ADE,8,Josh,Rachele,VIC,https://www.draftguru.com.au/years/2021
ADE,28,Alex,Neal-Bullen,SA,https://www.draftguru.com.au/years/2014
ADE,2,Ben,Keays,QLD,https://www.draftguru.com.au/years/2015
ADE,14,Jake,Soligo,VIC,https://www.draftguru.com.au/years/2021
ADE,16,Max,Michalanney,SA,https://www.draftguru.com.au/years/2022
ADE,7,Riley,Thilthorpe,SA,https://www.draftguru.com.au/years/2020
ADE,6,Daniel,Curtin,,
ADE,42,Lachlan,McAndrew,NSW,https://www.draftguru.com.au/years/2020
ADE,27,Luke,Nankervis,VIC,https://www.draftguru.com.au/years/2021
ADE,19,Zac,Taylor,VIC,https://www.draftguru.com.au/years/2021
ADE,40,Hugo,Hall-Kahan,VIC,https://www.draftguru.com.au/years/2021
ADE,44,Isaac,Cumming,NSW,https://www.draftguru.com.au/years/2016
ADE,35,James,Borlase,SA,https://www.draftguru.com.au/years/2020
ADE,13,Taylor,Walker,,https://www.draftguru.com.au/years/2007
ADE,32,Darcy,Fogarty,SA,https://www.draftguru.com.au/years/2017
ADE,48,Mark,Keane,INT,https://www.draftguru.com.au/years/2018
ADE,9,Nick,Murray,VIC,https://www.draftguru.com.au/years/2020
ADE,41,Jordon,Butts,VIC,https://www.draftguru.com.au/years/2018
ADE,4,Callum,Ah Chee,WA,https://www.draftguru.com.au/years/2015
ADE,10,Luke,Pedlar,SA,https://www.draftguru.com.au/years/2020
ADE,39,Toby,Murray,SA,https://www.draftguru.com.au/years/2023
ADE,21,Hugh,Bond,VIC,https://www.draftguru.com.au/years/2022
BRL,9,Lachie,Neale,SA,https://www.draftguru.com.au/years/2011
BRL,8,Will,Ashcroft,QLD,https://www.draftguru.com.au/years/2022
BRL,5,Josh,Dunkley,VIC,https://www.draftguru.com.au/years/2015
BRL,33,Zac,Bailey,NT,https://www.draftguru.com.au/years/2017
BRL,44,Darcy,Wilmot,VIC,https://www.draftguru.com.au/years/2021
BRL,10,Levi,Ashcroft,VIC,https://www.draftguru.com.au/years/2024
BRL,3,Jaspa,Fletcher,QLD,https://www.draftguru.com.au/years/2022
BRL,16,Cam,Rayner,VIC,https://www.draftguru.com.au/years/2017
BRL,15,Dayne,Zorko,QLD,https://www.draftguru.com.au/years/2011
BRL,7,Jarrod,Berry,VIC,https://www.draftguru.com.au/years/2016
BRL,35,Ryan,Lester,VIC,https://www.draftguru.com.au/years/2010
BRL,1,Kai,Lohmann,VIC,https://www.draftguru.com.au/years/2021
BRL,31,Harris,Andrews,QLD,https://www.draftguru.com.au/years/2014
BRL,23,Charlie,Cameron,WA,https://www.draftguru.com.au/years/2013
BRL,13,Logan,Morris,VIC,https://www.draftguru.com.au/years/2023
BRL,6,Hugh,McCluggage,VIC,https://www.draftguru.com.au/years/2016
BRL,38,Bruce,Reville,QLD,https://www.draftguru.com.au/years/2023
BRL,32,Darcy,Fort,VIC,https://www.draftguru.com.au/years/2018
BRL,2,Sam,Draper,SA,https://www.draftguru.com.au/years/2016
BRL,26,Conor,McKenna,INT,https://www.draftguru.com.au/years/2014
BRL,18,Keidean,Coleman,QLD,https://www.draftguru.com.au/years/2019
BRL,43,Noah,Answerth,VIC,https://www.draftguru.com.au/years/2018
BRL,22,Ty,Gallop,QLD,https://www.draftguru.com.au/years/2024
BRL,27,Darcy,Gardiner,VIC,https://www.draftguru.com.au/years/2013
BRL,29,James,Tunstill,WA,https://www.draftguru.com.au/years/2021
BRL,30,Eric,Hipwood,QLD,https://www.draftguru.com.au/years/2015
BRL,4,Oscar,Allen,WA,https://www.draftguru.com.au/years/2017
BRL,11,Lincoln,McCarthy,SA,https://www.draftguru.com.au/years/2011
BRL,20,Sam,Marshall,VIC,https://www.draftguru.com.au/years/2024
BRL,41,Darragh,Joyce,INT,https://www.draftguru.com.au/years/2016
CAR,18,Sam,Walsh,VIC,https://www.draftguru.com.au/years/2018
CAR,9,Patrick,Cripps,WA,https://www.draftguru.com.au/years/2013
CAR,7,Jagga,Smith,VIC,https://www.draftguru.com.au/years/2024
CAR,14,Oliver,Florent,VIC,https://www.draftguru.com.au/years/2016
CAR,29,George,Hewett,SA,https://www.draftguru.com.au/years/2013
CAR,5,Adam,Cerra,VIC,https://www.draftguru.com.au/years/2017
CAR,12,Ben,Ainsworth,VIC,https://www.draftguru.com.au/years/2016
CAR,2,Lachlan,Cowan,,
CAR,26,Nick,Haynes,VIC,https://www.draftguru.com.au/years/2011
CAR,19,Will,Hayward,SA,https://www.draftguru.com.au/years/2016
CAR,24,Nic,Newman,VIC,https://www.draftguru.com.au/years/2014
CAR,15,Billy,Wilson,VIC,https://www.draftguru.com.au/years/2023
CAR,44,Francis,Evans,VIC,https://www.draftguru.com.au/years/2019
CAR,10,Harry,McKay,VIC,https://www.draftguru.com.au/years/2015
CAR,27,Marc,Pittonet,VIC,https://www.draftguru.com.au/years/2014
CAR,17,Brodie,Kemp,VIC,https://www.draftguru.com.au/years/2019
CAR,11,Mitch,McGovern,WA,https://www.draftguru.com.au/years/2014
CAR,35,Harry,Dean,NSW,https://www.draftguru.com.au/years/2025
CAR,13,Blake,Acres,WA,https://www.draftguru.com.au/years/2013
CAR,4,Oliver,Hollands,VIC,https://www.draftguru.com.au/years/2022
CAR,36,Cooper,Lord,,https://www.draftguru.com.au/years/2023
CAR,46,Matthew,Cottrell,,
CAR,47,Wade,Derksen,NT,https://www.draftguru.com.au/years/2021
CAR,23,Jacob,Weitering,VIC,https://www.draftguru.com.au/years/2015
CAR,39,Talor,Byrne,VIC,https://www.draftguru.com.au/years/2025
CAR,6,Zac,Williams,,https://www.draftguru.com.au/years/2012
CAR,33,Lewis,Young,SA,https://www.draftguru.com.au/years/2016
CAR,32,Matt,Carroll,VIC,https://www.draftguru.com.au/years/2023
CAR,20,Elijah,Hollands,VIC,https://www.draftguru.com.au/years/2020
CAR,30,Jack,Ison,VIC,https://www.draftguru.com.au/years/2025
COL,35,Nick,Daicos,VIC,https://www.draftguru.com.au/years/2021
COL,7,Josh,Daicos,VIC,https://www.draftguru.com.au/years/2016
COL,9,Dan,Houston,VIC,https://www.draftguru.com.au/years/2015
COL,25,Jack,Crisp,VIC,https://www.draftguru.com.au/years/2011
COL,2,Jordan,de Goey,VIC,https://www.draftguru.com.au/years/2014
COL,14,Darcy,Cameron,WA,https://www.draftguru.com.au/years/2016
COL,1,Patrick,Lipinski,VIC,https://www.draftguru.com.au/years/2016
COL,10,Scott,Pendlebury,,
COL,3,Isaac,Quaynor,VIC,https://www.draftguru.com.au/years/2018
COL,44,Ned,Long,VIC,https://www.draftguru.com.au/years/2021
COL,22,Steele,Sidebottom,VIC,https://www.draftguru.com.au/years/2008
COL,31,Beau,McCreery,SA,https://www.draftguru.com.au/years/2020
COL,16,Edward,Allan,,
COL,8,Lachie,Schultz,VIC,https://www.draftguru.com.au/years/2018
COL,4,Brayden,Maynard,VIC,https://www.draftguru.com.au/years/2014
COL,38,Jeremy,Howe,TAS,https://www.draftguru.com.au/years/2010
COL,17,Billy,Frampton,WA,https://www.draftguru.com.au/years/2014
COL,45,Roan,Steele,WA,https://www.draftguru.com.au/years/2024
COL,12,Harry,Perryman,NSW,https://www.draftguru.com.au/years/2016
COL,11,Daniel,McStay,VIC,https://www.draftguru.com.au/years/2013
COL,28,Tim,Membrey,VIC,https://www.draftguru.com.au/years/2012
COL,41,Angus,Anderson,SA,https://www.draftguru.com.au/years/2025
COL,32,Sam,Swadling,WA,https://www.draftguru.com.au/years/2025
COL,5,Jamie,Elliott,VIC,https://www.draftguru.com.au/years/2011
COL,36,Harvey,Harrison,SA,https://www.draftguru.com.au/years/2021
COL,34,Jack,Buller,WA,https://www.draftguru.com.au/years/2022
COL,39,Will,Hayes,WA,https://www.draftguru.com.au/years/2024
COL,21,Oscar,Steene,SA,https://www.draftguru.com.au/years/2022
COL,29,Charlie,West,SA,https://www.draftguru.com.au/years/2024
COL,15,Wil,Parker,,
ESS,7,Zach,Merrett,VIC,https://www.draftguru.com.au/years/2013
ESS,21,Archie,Roberts,VIC,https://www.draftguru.com.au/years/2023
ESS,22,Sam,Durham,VIC,https://www.draftguru.com.au/years/2020
ESS,1,Andrew,McGrath,VIC,https://www.draftguru.com.au/years/2016
ESS,2,Jacob,Farrow,WA,https://www.draftguru.com.au/years/2025
ESS,25,Jaxon,Prior,WA,https://www.draftguru.com.au/years/2019
ESS,3,Darcy,Parish,VIC,https://www.draftguru.com.au/years/2015
ESS,31,Zach,Reid,VIC,https://www.draftguru.com.au/years/2020
ESS,6,Jye,Caldwell,VIC,https://www.draftguru.com.au/years/2018
ESS,4,Kyle,Langford,VIC,https://www.draftguru.com.au/years/2014
ESS,28,Xavier,Duursma,VIC,https://www.draftguru.com.au/years/2018
ESS,27,Mason,Redman,SA,https://www.draftguru.com.au/years/2015
ESS,15,Dyson,Sharp,SA,https://www.draftguru.com.au/years/2025
ESS,12,Will,Setterfield,NSW,https://www.draftguru.com.au/years/2016
ESS,9,Sullivan,Robey,VIC,https://www.draftguru.com.au/years/2025
ESS,44,Archer,Day-Wicks,VIC,https://www.draftguru.com.au/years/2024
ESS,30,Nate,Caddy,VIC,https://www.draftguru.com.au/years/2023
ESS,16,Archie,Perkins,VIC,https://www.draftguru.com.au/years/2020
ESS,20,Peter,Wright,VIC,https://www.draftguru.com.au/years/2014
ESS,10,Isaac,Kako,VIC,https://www.draftguru.com.au/years/2024
ESS,46,Lachlan,Blakiston,WA,https://www.draftguru.com.au/years/2024
ESS,5,Elijah,Tsatas,VIC,https://www.draftguru.com.au/years/2022
ESS,24,Nick,Bryan,VIC,https://www.draftguru.com.au/years/2019
ESS,32,Ben,McKay,VIC,https://www.draftguru.com.au/years/2015
ESS,29,Max,Kondogiannis,VIC,https://www.draftguru.com.au/years/2025
ESS,41,Saad,El-Hawli,,https://www.draftguru.com.au/years/2023
ESS,40,Zak,Johnson,VIC,https://www.draftguru.com.au/years/2024
ESS,14,Jordan,Ridley,VIC,https://www.draftguru.com.au/years/2016
ESS,13,Nik,Cox,VIC,https://www.draftguru.com.au/years/2020
ESS,34,Jaxon,Artemis,WA,https://www.draftguru.com.au/years/2025
FRE,8,Andrew,Brayshaw,VIC,https://www.draftguru.com.au/years/2017
FRE,6,Jordan,Clark,WA,https://www.draftguru.com.au/years/2018
FRE,10,Shai,Bolton,WA,https://www.draftguru.com.au/years/2016
FRE,3,Caleb,Serong,VIC,https://www.draftguru.com.au/years/2019
FRE,16,Murphy,Reid,VIC,https://www.draftguru.com.au/years/2024
FRE,13,Luke,Ryan,VIC,https://www.draftguru.com.au/years/2016
FRE,23,Karl,Worner,VIC,https://www.draftguru.com.au/years/2021
FRE,9,Luke,Jackson,WA,https://www.draftguru.com.au/years/2019
FRE,28,Neil,Erasmus,WA,https://www.draftguru.com.au/years/2021
FRE,44,Matthew,Johnson,,
FRE,5,Heath,Chapman,WA,https://www.draftguru.com.au/years/2020
FRE,17,Judd,McVee,WA,https://www.draftguru.com.au/years/2021
FRE,26,Hayden,Young,VIC,https://www.draftguru.com.au/years/2019
FRE,35,Josh,Treacy,VIC,https://www.draftguru.com.au/years/2020
FRE,39,Sam,Switkowski,VIC,https://www.draftguru.com.au/years/2017
FRE,30,Nathan,ODriscoll,WA,https://www.draftguru.com.au/years/2020
FRE,43,Isaiah,Dudley,SA,https://www.draftguru.com.au/years/2024
FRE,20,Patrick,Voss,NSW,https://www.draftguru.com.au/years/2021
FRE,34,Corey,Wagner,QLD,https://www.draftguru.com.au/years/2022
FRE,32,Michael,Frederick,SA,https://www.draftguru.com.au/years/2019
FRE,24,Jye,Amiss,WA,https://www.draftguru.com.au/years/2021
FRE,36,Brennan,Cox,SA,https://www.draftguru.com.au/years/2016
FRE,25,Alex,Pearce,TAS,https://www.draftguru.com.au/years/2013
FRE,21,Oscar,McDonald,VIC,https://www.draftguru.com.au/years/2014
FRE,18,Mason,Cox,INT,https://www.draftguru.com.au/years/2014
FRE,2,Jaeger,OMeara,WA,https://www.draftguru.com.au/years/2011
FRE,45,Chris,Scerri,,https://www.draftguru.com.au/years/2025
FRE,4,Sean,Darcy,VIC,https://www.draftguru.com.au/years/2016
FRE,14,Jeremy,Sharp,WA,https://www.draftguru.com.au/years/2019
FRE,31,Brandon,Walker,WA,https://www.draftguru.com.au/years/2020
GEE,3,Bailey,Smith,VIC,https://www.draftguru.com.au/years/2018
GEE,9,Max,Holmes,VIC,https://www.draftguru.com.au/years/2020
GEE,28,Oliver,Dempsey,,https://www.draftguru.com.au/years/2021
GEE,4,Tanner,Bruhn,VIC,https://www.draftguru.com.au/years/2020
GEE,17,Lawson,Humphries,WA,https://www.draftguru.com.au/years/2023
GEE,44,Tom,Stewart,VIC,https://www.draftguru.com.au/years/2016
GEE,30,Tom,Atkins,,https://www.draftguru.com.au/years/2018
GEE,7,Shaun,Mannagh,NSW,https://www.draftguru.com.au/years/2023
GEE,39,Zach,Guthrie,VIC,https://www.draftguru.com.au/years/2016
GEE,14,Connor,OSullivan,NSW,https://www.draftguru.com.au/years/2023
GEE,34,Oisin,Mullin,INT,https://www.draftguru.com.au/years/2021
GEE,32,Gryan,Miers,VIC,https://www.draftguru.com.au/years/2017
GEE,42,Mark,OConnor,INT,https://www.draftguru.com.au/years/2016
GEE,35,Patrick,Dangerfield,VIC,https://www.draftguru.com.au/years/2007
GEE,36,Oliver,Henry,VIC,https://www.draftguru.com.au/years/2020
GEE,16,Sam,De Koning,VIC,https://www.draftguru.com.au/years/2019
GEE,5,Jeremy,Cameron,VIC,https://www.draftguru.com.au/years/2010
GEE,46,Mark,Blicavs,,https://www.draftguru.com.au/years/2011
GEE,33,Shannon,Neale,WA,https://www.draftguru.com.au/years/2020
GEE,11,Mitchell,Edwards,,
GEE,29,James,Worpel,VIC,https://www.draftguru.com.au/years/2017
GEE,19,Jack,Martin,WA,https://www.draftguru.com.au/years/2019
GEE,38,Jack,Henry,VIC,https://www.draftguru.com.au/years/2016
GEE,45,Brad,Close,SA,https://www.draftguru.com.au/years/2019
GEE,21,Oliver,Wiltshire,,
GEE,12,Jack,Bowes,QLD,https://www.draftguru.com.au/years/2016
GEE,13,Jhye,Clark,VIC,https://www.draftguru.com.au/years/2022
GEE,8,Jake,Kolodjashnij,TAS,https://www.draftguru.com.au/years/2013
GEE,2,Jay,Polkinghorne,SA,https://www.draftguru.com.au/years/2024
ADE,31,Billy,Dowling,SA,https://www.draftguru.com.au/years/2022
ADE,36,Finnbar,Maley,VIC,https://www.draftguru.com.au/years/2023
ADE,1,Chayce,Jones,TAS,https://www.draftguru.com.au/years/2018
ADE,22,Oscar,Ryan,VIC,https://www.draftguru.com.au/years/2023
ADE,11,Charlie,Edwards,VIC,https://www.draftguru.com.au/years/2023
ADE,43,Reilly,OBrien,VIC,https://www.draftguru.com.au/years/2014
ADE,34,Archie,Ludowyke,VIC,https://www.draftguru.com.au/years/2025
ADE,20,Mitch,Hinge,SA,https://www.draftguru.com.au/years/2016
BRL,14,Daniel,Annable,QLD,https://www.draftguru.com.au/years/2025
BRL,34,Shadeau,Brain,QLD,https://www.draftguru.com.au/years/2022
BRL,37,Cody,Curtin,WA,https://www.draftguru.com.au/years/2025
BRL,21,Zane,Zakostelsky,WA,https://www.draftguru.com.au/years/2023
BRL,28,Will,McLachlan,VIC,https://www.draftguru.com.au/years/2023
CAR,31,Campbell,Chesser,NSW,https://www.draftguru.com.au/years/2021
CAR,42,Adam,Saad,VIC,https://www.draftguru.com.au/years/2014
CAR,25,Liam,Reidy,,https://www.draftguru.com.au/years/2022
CAR,37,Jordan,Boyd,,https://www.draftguru.com.au/years/2020
CAR,45,Flynn,Young,,https://www.draftguru.com.au/years/2024
CAR,8,Lachie,Fogarty,,
CAR,43,Ashton,Moir,SA,https://www.draftguru.com.au/years/2023
CAR,40,Hudson,OKeeffe,VIC,https://www.draftguru.com.au/years/2022
CAR,38,Flynn,Riley,VIC,https://www.draftguru.com.au/years/2025
COL,47,Liam,Puncher,NSW,https://www.draftguru.com.au/years/2025
COL,30,Darcy,Moore,VIC,https://www.draftguru.com.au/years/2014
COL,33,Lachlan,Sullivan,,
COL,46,Mitch,Podhajski,VIC,https://www.draftguru.com.au/years/2025
COL,40,Noah,Howes,SA,https://www.draftguru.com.au/years/2024
ESS,11,Jade,Gresham,VIC,https://www.draftguru.com.au/years/2015
ESS,33,Hussien,El Achkar,VIC,https://www.draftguru.com.au/years/2025
ESS,45,Tom,Edwards,WA,https://www.draftguru.com.au/years/2024
ESS,36,Angus,Clarke,SA,https://www.draftguru.com.au/years/2024
ESS,23,Harry,Jones,,
ESS,26,Archie,May,WA,https://www.draftguru.com.au/years/2024
ESS,42,Jayden,Nguyen,VIC,https://www.draftguru.com.au/years/2024
ESS,17,Vigo,Visentini,VIC,https://www.draftguru.com.au/years/2023
ESS,8,Brayden,Fiorini,VIC,https://www.draftguru.com.au/years/2015
ESS,38,Rhys,Unwin,VIC,https://www.draftguru.com.au/years/2024
ESS,35,Matt,Guelfi,WA,https://www.draftguru.com.au/years/2017
FRE,41,Bailey,Banfield,WA,https://www.draftguru.com.au/years/2017
FRE,11,Tobyn,Murray,,https://www.draftguru.com.au/years/2025
GEE,15,George,Stevens,VIC,https://www.draftguru.com.au/years/2023
GEE,10,Mitch,Knevitt,VIC,https://www.draftguru.com.au/years/2021
GEE,1,Rhys,Stanley,SA,https://www.draftguru.com.au/years/2008
GCS,15,Noah,Anderson,VIC,https://www.draftguru.com.au/years/2019
GCS,2,John,Noble,SA,https://www.draftguru.com.au/years/2018
GCS,11,Touk,Miller,VIC,https://www.draftguru.com.au/years/2014
GCS,6,Bodhi,Uwland,QLD,https://www.draftguru.com.au/years/2021
GCS,18,Matt,Rowell,VIC,https://www.draftguru.com.au/years/2019
GCS,3,Christian,Petracca,VIC,https://www.draftguru.com.au/years/2014
GCS,1,Mac,Andrew,VIC,https://www.draftguru.com.au/years/2021
GCS,17,Daniel,Rioli,NT,https://www.draftguru.com.au/years/2015
GCS,16,Joel,Jeffrey,NT,https://www.draftguru.com.au/years/2020
GCS,27,Wil,Powell,WA,https://www.draftguru.com.au/years/2017
GCS,8,Leo,Lombard,QLD,https://www.draftguru.com.au/years/2024
GCS,25,Sam,Collins,VIC,https://www.draftguru.com.au/years/2015
GCS,19,Bailey,Humphrey,VIC,https://www.draftguru.com.au/years/2022
GCS,32,Zeke,Uwland,QLD,https://www.draftguru.com.au/years/2025
GCS,22,Ben,Long,NT,https://www.draftguru.com.au/years/2016
GCS,33,Sam,Clohesy,VIC,https://www.draftguru.com.au/years/2023
GCS,34,Ben,King,VIC,https://www.draftguru.com.au/years/2018
GCS,14,Lachie,Weller,TAS,https://www.draftguru.com.au/years/2014
GCS,38,Beau,Addinsall,QLD,https://www.draftguru.com.au/years/2025
GCS,23,Ned,Moyle,VIC,https://www.draftguru.com.au/years/2020
GCS,20,Ethan,Read,QLD,https://www.draftguru.com.au/years/2023
GCS,4,Jed,Walter,QLD,https://www.draftguru.com.au/years/2023
GCS,28,Jarrod,Witts,NSW,https://www.draftguru.com.au/years/2011
GCS,26,Will,Graham,QLD,https://www.draftguru.com.au/years/2023
GCS,48,Oscar,Adams,SA,https://www.draftguru.com.au/years/2021
GCS,35,Jai,Murray,QLD,https://www.draftguru.com.au/years/2025
GCS,39,Lachlan,Gulbin,QLD,https://www.draftguru.com.au/years/2024
GCS,5,Alex,Davies,QLD,https://www.draftguru.com.au/years/2020
GCS,10,Charlie,Ballard,SA,https://www.draftguru.com.au/years/2017
GCS,29,Jake,Rogers,QLD,https://www.draftguru.com.au/years/2023
GCS,7,Nick,Holman,VIC,https://www.draftguru.com.au/years/2013
GCS,44,Ben,Jepson,QLD,https://www.draftguru.com.au/years/2024
GCS,30,Dylan,Patterson,QLD,https://www.draftguru.com.au/years/2025
GCS,9,Jamarra,Ugle-Hagan,VIC,https://www.draftguru.com.au/years/2020
GCS,50,Jy,Farrar,SA,https://www.draftguru.com.au/years/2019
GCS,45,Caleb,Lewis,VIC,https://www.draftguru.com.au/years/2024
GWS,10,Clayton,Oliver,VIC,https://www.draftguru.com.au/years/2015
GWS,7,Lachie,Ash,VIC,https://www.draftguru.com.au/years/2019
GWS,6,Lachie,Whitfield,VIC,https://www.draftguru.com.au/years/2012
GWS,17,Finn,Callaghan,VIC,https://www.draftguru.com.au/years/2021
GWS,39,Connor,Idun,VIC,https://www.draftguru.com.au/years/2018
GWS,4,Toby,Greene,VIC,https://www.draftguru.com.au/years/2011
GWS,1,Harvey,Thomas,NSW,https://www.draftguru.com.au/years/2023
GWS,27,Harry,Himmelberg,NSW,https://www.draftguru.com.au/years/2015
GWS,37,Joe,Fonti,WA,https://www.draftguru.com.au/years/2023
GWS,3,Stephen,Coniglio,WA,https://www.draftguru.com.au/years/2011
GWS,9,Ryan,Angwin,VIC,https://www.draftguru.com.au/years/2020
GWS,20,Jake,Stringer,VIC,https://www.draftguru.com.au/years/2012
GWS,25,Jayden,Laverde,VIC,https://www.draftguru.com.au/years/2014
GWS,14,Toby,Bedford,VIC,https://www.draftguru.com.au/years/2018
GWS,11,Phoenix,Gothard,NSW,https://www.draftguru.com.au/years/2023
GWS,33,Xavier,OHalloran,VIC,https://www.draftguru.com.au/years/2018
GWS,32,Kieren,Briggs,NSW,https://www.draftguru.com.au/years/2018
GWS,5,Aaron,Cadman,VIC,https://www.draftguru.com.au/years/2022
GWS,24,Harry,Rowston,NSW,https://www.draftguru.com.au/years/2022
GWS,46,Callum,Brown,VIC,https://www.draftguru.com.au/years/2016
GWS,16,Brent,Daniels,VIC,https://www.draftguru.com.au/years/2017
GWS,15,Sam,Taylor,WA,https://www.draftguru.com.au/years/2017
GWS,35,Max,Gruzewski,VIC,https://www.draftguru.com.au/years/2022
GWS,18,Conor,Stone,VIC,https://www.draftguru.com.au/years/2020
GWS,41,Nick,Madden,NSW,https://www.draftguru.com.au/years/2022
GWS,26,Jake,Riccardi,VIC,https://www.draftguru.com.au/years/2019
GWS,44,Jack,Buckley,NSW,https://www.draftguru.com.au/years/2017
GWS,38,Josaia,Delana,NSW,https://www.draftguru.com.au/years/2024
GWS,31,Toby,McMullin,VIC,https://www.draftguru.com.au/years/2022
GWS,23,Jesse,Hogan,WA,https://www.draftguru.com.au/years/2012
GWS,43,Riley,Hamilton,ACT,https://www.draftguru.com.au/years/2025
GWS,30,James,Leake,TAS,https://www.draftguru.com.au/years/2023
GWS,21,Leek,Aleer,SA,https://www.draftguru.com.au/years/2021
GWS,28,Jack,Ough,VIC,https://www.draftguru.com.au/years/2024
GWS,19,Harrison,Oliver,,
GWS,13,Oliver,Hannaford,,
GWS,29,Cody,Angove,WA,https://www.draftguru.com.au/years/2024
HAW,3,Jai,Newcombe,VIC,https://www.draftguru.com.au/years/2020
HAW,25,Josh,Ward,VIC,https://www.draftguru.com.au/years/2021
HAW,9,Connor,Macdonald,VIC,https://www.draftguru.com.au/years/2021
HAW,4,Jarman,Impey,VIC,https://www.draftguru.com.au/years/2013
HAW,6,James,Sicily,VIC,https://www.draftguru.com.au/years/2013
HAW,16,Massimo,DAmbrosio,VIC,https://www.draftguru.com.au/years/2021
HAW,28,Cam,Mackenzie,VIC,https://www.draftguru.com.au/years/2022
HAW,24,Josh,Battle,VIC,https://www.draftguru.com.au/years/2016
HAW,33,Jack,Ginnivan,VIC,https://www.draftguru.com.au/years/2020
HAW,8,Dylan,Moore,VIC,https://www.draftguru.com.au/years/2017
HAW,15,Blake,Hardwick,VIC,https://www.draftguru.com.au/years/2015
HAW,10,Karl,Amon,VIC,https://www.draftguru.com.au/years/2013
HAW,23,Josh,Weddle,VIC,https://www.draftguru.com.au/years/2022
HAW,5,Nick,Watson,VIC,https://www.draftguru.com.au/years/2023
HAW,2,Mitch,Lewis,VIC,https://www.draftguru.com.au/years/2016
HAW,17,Lloyd,Meek,VIC,https://www.draftguru.com.au/years/2017
HAW,12,Will,Day,SA,https://www.draftguru.com.au/years/2019
HAW,1,Harry,Morrison,VIC,https://www.draftguru.com.au/years/2016
HAW,19,Jack,Gunston,VIC,https://www.draftguru.com.au/years/2009
HAW,11,Conor,Nash,INT,https://www.draftguru.com.au/years/2016
HAW,18,Mabior,Chol,QLD,https://www.draftguru.com.au/years/2015
HAW,37,Tom,Barrass,WA,https://www.draftguru.com.au/years/2013
HAW,42,Bailey,Macdonald,VIC,https://www.draftguru.com.au/years/2022
HAW,7,Ned,Reeves,VIC,https://www.draftguru.com.au/years/2018
HAW,14,Jack,Scrimshaw,VIC,https://www.draftguru.com.au/years/2016
HAW,30,Sam,Butler,VIC,https://www.draftguru.com.au/years/2021
HAW,20,Finn,Maginness,VIC,https://www.draftguru.com.au/years/2019
HAW,39,Flynn,Perez,VIC,https://www.draftguru.com.au/years/2019
HAW,21,Noah,Mraz,VIC,https://www.draftguru.com.au/years/2024
HAW,34,Jack,Dalton,VIC,https://www.draftguru.com.au/years/2025
HAW,22,Cameron,Nairn,,
HAW,26,Bodie,Ryan,SA,https://www.draftguru.com.au/years/2023
HAW,35,Ollie,Greeves,VIC,https://www.draftguru.com.au/years/2025
HAW,13,Calsher,Dear,VIC,https://www.draftguru.com.au/years/2023
HAW,27,Will,McCabe,SA,https://www.draftguru.com.au/years/2023
HAW,40,Max,Beattie,VIC,https://www.draftguru.com.au/years/2025
HAW,44,Henry,Hustwaite,VIC,https://www.draftguru.com.au/years/2022
HAW,38,Max,Ramsden,VIC,https://www.draftguru.com.au/years/2021
HAW,41,Matt,Hill,,https://www.draftguru.com.au/years/2024
HAW,29,Aidan,Schubert,SA,https://www.draftguru.com.au/years/2025
MEL,9,Jack,Steele,ACT,https://www.draftguru.com.au/years/2014
MEL,36,Kysaiah,Pickett,SA,https://www.draftguru.com.au/years/2019
MEL,32,Tom,Sparrow,SA,https://www.draftguru.com.au/years/2018
MEL,11,Max,Gawn,VIC,https://www.draftguru.com.au/years/2009
MEL,15,Ed,Langdon,VIC,https://www.draftguru.com.au/years/2014
MEL,12,Koltyn,Tholstrup,WA,https://www.draftguru.com.au/years/2023
MEL,17,Jake,Bowey,VIC,https://www.draftguru.com.au/years/2020
MEL,4,Harvey,Langford,VIC,https://www.draftguru.com.au/years/2024
MEL,37,Kade,Chandler,SA,https://www.draftguru.com.au/years/2018
MEL,24,Trent,Rivers,WA,https://www.draftguru.com.au/years/2019
MEL,8,Jake,Lever,VIC,https://www.draftguru.com.au/years/2014
MEL,6,Caleb,Windsor,VIC,https://www.draftguru.com.au/years/2023
MEL,30,Harry,Sharp,VIC,https://www.draftguru.com.au/years/2020
MEL,22,Blake,Howes,VIC,https://www.draftguru.com.au/years/2021
MEL,10,Daniel,Turner,VIC,https://www.draftguru.com.au/years/2020
MEL,31,Bayley,Fritsch,,https://www.draftguru.com.au/years/2017
MEL,2,Jacob,van Rooyen,WA,https://www.draftguru.com.au/years/2021
MEL,14,Changkuoth,Jiath,VIC,https://www.draftguru.com.au/years/2017
MEL,47,Joel,Fitzgerald,VIC,https://www.draftguru.com.au/years/2025
MEL,16,Bailey,Laurie,VIC,https://www.draftguru.com.au/years/2020
MEL,35,Harry,Petty,,
MEL,3,Christian,Salem,VIC,https://www.draftguru.com.au/years/2013
MEL,33,Latrelle,Pickett,SA,https://www.draftguru.com.au/years/2025
MEL,21,Matthew,Jefferson,VIC,https://www.draftguru.com.au/years/2022
MEL,25,Tom,McDonald,VIC,https://www.draftguru.com.au/years/2010
MEL,5,Xavier,Lindsay,VIC,https://www.draftguru.com.au/years/2024
MEL,41,Paddy,Cross,VIC,https://www.draftguru.com.au/years/2025
MEL,13,Jai,Culley,VIC,https://www.draftguru.com.au/years/2021
MEL,28,Brody,Mihocek,TAS,https://www.draftguru.com.au/years/2017
MEL,18,Jake,Melksham,VIC,https://www.draftguru.com.au/years/2009
MEL,27,Max,Heath,VIC,https://www.draftguru.com.au/years/2020
MEL,19,Xavier,Taylor,VIC,https://www.draftguru.com.au/years/2025
MEL,46,Lukas,Cooke,SA,https://www.draftguru.com.au/years/2025
MEL,45,Andy,Moniz-Wakefield,NT,https://www.draftguru.com.au/years/2021
MEL,44,Luker,Kentfield,WA,https://www.draftguru.com.au/years/2023
MEL,7,Jack,Viney,SA,https://www.draftguru.com.au/years/2012
MEL,42,Aidan,Johnson,NSW,https://www.draftguru.com.au/years/2024
NTH,3,Harry,Sheezel,VIC,https://www.draftguru.com.au/years/2022
NTH,5,Caleb,Daniel,SA,https://www.draftguru.com.au/years/2014
NTH,26,Luke,Parker,VIC,https://www.draftguru.com.au/years/2010
NTH,9,Luke,Davies-Uniacke,VIC,https://www.draftguru.com.au/years/2017
NTH,12,Jy,Simpkin,VIC,https://www.draftguru.com.au/years/2016
NTH,10,Colby,McKercher,TAS,https://www.draftguru.com.au/years/2023
NTH,15,Dylan,Stephens,SA,https://www.draftguru.com.au/years/2019
NTH,2,Finn,OSullivan,VIC,https://www.draftguru.com.au/years/2024
NTH,44,Cameron,Zurhaar,WA,https://www.draftguru.com.au/years/2016
NTH,38,Tristan,Xerri,VIC,https://www.draftguru.com.au/years/2017
NTH,39,Tom,Blamires,VIC,https://www.draftguru.com.au/years/2025
NTH,11,Luke,McDonald,VIC,https://www.draftguru.com.au/years/2013
NTH,6,George,Wardlaw,VIC,https://www.draftguru.com.au/years/2022
NTH,30,Charlie,Comben,VIC,https://www.draftguru.com.au/years/2019
NTH,25,Paul,Curtis,VIC,https://www.draftguru.com.au/years/2021
NTH,13,Charlie,Spargo,NSW,https://www.draftguru.com.au/years/2017
NTH,27,Jack,Darling,WA,https://www.draftguru.com.au/years/2010
NTH,20,Nick,Larkey,VIC,https://www.draftguru.com.au/years/2016
NTH,47,Cooper,Trembath,VIC,https://www.draftguru.com.au/years/2024
NTH,4,Aidan,Corr,VIC,https://www.draftguru.com.au/years/2012
NTH,19,Griffin,Logue,WA,https://www.draftguru.com.au/years/2016
NTH,37,Cooper,Harvey,VIC,https://www.draftguru.com.au/years/2022
NTH,24,Tom,Powell,SA,https://www.draftguru.com.au/years/2020
NTH,7,Zane,Duursma,VIC,https://www.draftguru.com.au/years/2023
NTH,41,Jacob,Konstanty,VIC,https://www.draftguru.com.au/years/2022
NTH,17,Riley,Hardeman,WA,https://www.draftguru.com.au/years/2023
NTH,31,Josh,Goater,VIC,https://www.draftguru.com.au/years/2021
NTH,45,Zac,Banch,,https://www.draftguru.com.au/years/2024
NTH,32,Toby,Pink,SA,https://www.draftguru.com.au/years/2016
NTH,18,Wil,Dawson,VIC,https://www.draftguru.com.au/years/2023
NTH,1,Lachy,Dovaston,VIC,https://www.draftguru.com.au/years/2025
NTH,21,Callum,Coleman-Jones,SA,https://www.draftguru.com.au/years/2017
NTH,8,Bailey,Scott,QLD,https://www.draftguru.com.au/years/2018
NTH,35,Matt,Whitlock,VIC,https://www.draftguru.com.au/years/2024
NTH,16,Zac,Fisher,WA,https://www.draftguru.com.au/years/2016
NTH,22,Taylor,Goad,SA,https://www.draftguru.com.au/years/2023
PAD,9,Zak,Butters,VIC,https://www.draftguru.com.au/years/2018
PAD,7,Jase,Burgoyne,SA,https://www.draftguru.com.au/years/2021
PAD,18,Jason,Horne-Francis,SA,https://www.draftguru.com.au/years/2021
PAD,33,Darcy,Byrne-Jones,VIC,https://www.draftguru.com.au/years/2013
PAD,28,Willem,Drew,VIC,https://www.draftguru.com.au/years/2016
PAD,16,Ollie,Wines,VIC,https://www.draftguru.com.au/years/2012
PAD,35,Joe,Richards,,https://www.draftguru.com.au/years/2022
PAD,21,Aliir,Aliir,QLD,https://www.draftguru.com.au/years/2013
PAD,22,Logan,Evans,SA,https://www.draftguru.com.au/years/2023
PAD,5,Joe,Berry,VIC,https://www.draftguru.com.au/years/2024
PAD,24,Jordon,Sweet,SA,https://www.draftguru.com.au/years/2018
PAD,14,Miles,Bergman,VIC,https://www.draftguru.com.au/years/2019
PAD,19,Mitch,Georgiades,WA,https://www.draftguru.com.au/years/2019
PAD,34,Lachie,Jones,SA,https://www.draftguru.com.au/years/2020
PAD,6,Kane,Farrell,VIC,https://www.draftguru.com.au/years/2017
PAD,43,Josh,Lai,,https://www.draftguru.com.au/years/2024
PAD,15,Jacob,Wehr,SA,https://www.draftguru.com.au/years/2020
PAD,44,Corey,Durdin,SA,https://www.draftguru.com.au/years/2020
PAD,17,Jack,Whitlock,VIC,https://www.draftguru.com.au/years/2024
PAD,11,Christian,Moraes,VIC,https://www.draftguru.com.au/years/2024
PAD,31,Ewan,Mackinlay,SA,https://www.draftguru.com.au/years/2024
PAD,4,Todd,Marshall,NSW,https://www.draftguru.com.au/years/2016
PAD,37,Jack,Watkins,SA,https://www.draftguru.com.au/years/2025
PAD,3,Jackson,Mead,SA,https://www.draftguru.com.au/years/2019
PAD,46,Xavier,Bamert,VIC,https://www.draftguru.com.au/years/2025
PAD,38,Dante,Visentini,VIC,https://www.draftguru.com.au/years/2021
PAD,12,Jack,Lukosius,SA,https://www.draftguru.com.au/years/2018
PAD,27,Esava,Ratugolea,VIC,https://www.draftguru.com.au/years/2016
PAD,29,Tom,Anastasopoulos,VIC,https://www.draftguru.com.au/years/2023
PAD,36,Will,Lorenz,VIC,https://www.draftguru.com.au/years/2023
PAD,39,Mitch,Zadow,WA,https://www.draftguru.com.au/years/2025
PAD,1,Connor,Rozee,SA,https://www.draftguru.com.au/years/2018
PAD,41,Balyn,OBrien,SA,https://www.draftguru.com.au/years/2025
PAD,23,Will,Brodie,VIC,https://www.draftguru.com.au/years/2016
PAD,32,Harrison,Ramm,SA,https://www.draftguru.com.au/years/2024
PAD,25,Brandon,Zerk-Thatcher,SA,https://www.draftguru.com.au/years/2017
PAD,47,Alex,Van Wyk,SA,https://www.draftguru.com.au/years/2025
PAD,26,Tom,Cochrane,SA,https://www.draftguru.com.au/years/2024
PAD,30,Ollie,Lord,VIC,https://www.draftguru.com.au/years/2020
RIC,14,Tim,Taranto,VIC,https://www.draftguru.com.au/years/2016
RIC,15,Jayden,Short,VIC,https://www.draftguru.com.au/years/2014
RIC,5,Jack,Ross,VIC,https://www.draftguru.com.au/years/2018
RIC,44,Seth,Campbell,TAS,https://www.draftguru.com.au/years/2022
RIC,1,Nick,Vlastuin,VIC,https://www.draftguru.com.au/years/2012
RIC,33,Patrick,Retschko,VIC,https://www.draftguru.com.au/years/2024
RIC,3,Dion,Prestia,VIC,https://www.draftguru.com.au/years/2010
RIC,35,Nathan,Broad,WA,https://www.draftguru.com.au/years/2015
RIC,24,Sam,Grlj,VIC,https://www.draftguru.com.au/years/2025
RIC,6,Sam,Banks,TAS,https://www.draftguru.com.au/years/2021
RIC,12,Ben,Miller,WA,https://www.draftguru.com.au/years/2017
RIC,30,Tom,Brown,VIC,https://www.draftguru.com.au/years/2021
RIC,2,Jacob,Hopper,NSW,https://www.draftguru.com.au/years/2015
RIC,40,Tyler,Sonsie,VIC,https://www.draftguru.com.au/years/2021
RIC,36,James,Trezise,,https://www.draftguru.com.au/years/2022
RIC,48,Steely,Green,WA,https://www.draftguru.com.au/years/2022
RIC,22,Sam,Cumming,NSW,https://www.draftguru.com.au/years/2025
RIC,21,Noah,Balta,VIC,https://www.draftguru.com.au/years/2017
RIC,25,Toby,Nankervis,TAS,https://www.draftguru.com.au/years/2013
RIC,28,Kane,McAuliffe,SA,https://www.draftguru.com.au/years/2023
RIC,13,Hugo,Ralphsmith,VIC,https://www.draftguru.com.au/years/2019
RIC,4,Sam,Lalor,VIC,https://www.draftguru.com.au/years/2024
RIC,42,Mykelti,Lefau,,https://www.draftguru.com.au/years/2023
RIC,11,Luke,Trainor,VIC,https://www.draftguru.com.au/years/2024
RIC,19,Tom,Lynch,VIC,https://www.draftguru.com.au/years/2008
RIC,10,Taj,Hotton,VIC,https://www.draftguru.com.au/years/2024
RIC,41,Kye,Annand,,https://www.draftguru.com.au/years/2025
RIC,50,Campbell,Gray,,https://www.draftguru.com.au/years/2023
RIC,8,Jonty,Faull,VIC,https://www.draftguru.com.au/years/2024
RIC,47,Oliver,Hayes-Brown,,https://www.draftguru.com.au/years/2023
RIC,17,Maurice,Rioli,NT,https://www.draftguru.com.au/years/2020
RIC,7,Rhyan,Mansell,TAS,https://www.draftguru.com.au/years/2020
RIC,29,Jasper,Alger,VIC,https://www.draftguru.com.au/years/2024
RIC,45,Tom,Burton,VIC,https://www.draftguru.com.au/years/2025
RIC,32,Samson,Ryan,QLD,https://www.draftguru.com.au/years/2020
RIC,43,Liam,Fawcett,SA,https://www.draftguru.com.au/years/2023
RIC,23,Judson,Clarke,VIC,https://www.draftguru.com.au/years/2021
RIC,27,Noah,Roberts-Thomson,SA,https://www.draftguru.com.au/years/2025
RIC,26,Zane,Peucker,SA,https://www.draftguru.com.au/years/2025
RIC,34,Harry,Armstrong,VIC,https://www.draftguru.com.au/years/2024
RIC,18,Josh,Gibcus,VIC,https://www.draftguru.com.au/years/2021
STK,8,Bradley,Hill,,
STK,34,Hugo,Garcia,VIC,https://www.draftguru.com.au/years/2023
STK,40,Max,Hall,VIC,https://www.draftguru.com.au/years/2023
STK,2,Marcus,Windhager,VIC,https://www.draftguru.com.au/years/2021
STK,44,Callum,Wilkie,SA,https://www.draftguru.com.au/years/2018
STK,7,Nasiah,Wanganeen-Milera,SA,https://www.draftguru.com.au/years/2021
STK,22,Darcy,Wilson,VIC,https://www.draftguru.com.au/years/2023
STK,35,Jack,Sinclair,VIC,https://www.draftguru.com.au/years/2014
STK,19,Rowan,Marshall,VIC,https://www.draftguru.com.au/years/2016
STK,25,Mattaes,Phillipou,SA,https://www.draftguru.com.au/years/2022
STK,32,Mason,Wood,VIC,https://www.draftguru.com.au/years/2012
STK,3,Jack,Silvagni,VIC,https://www.draftguru.com.au/years/2015
STK,9,Sam,Flanders,VIC,https://www.draftguru.com.au/years/2019
STK,10,Mitch,Owens,VIC,https://www.draftguru.com.au/years/2021
STK,6,Jack,Macrae,VIC,https://www.draftguru.com.au/years/2012
STK,14,Liam,Stocker,VIC,https://www.draftguru.com.au/years/2018
STK,21,Tom,De Koning,VIC,https://www.draftguru.com.au/years/2017
STK,13,Ryan,Byrnes,VIC,https://www.draftguru.com.au/years/2019
STK,43,Cooper,Sharman,NSW,https://www.draftguru.com.au/years/2020
STK,18,Jack,Carroll,WA,https://www.draftguru.com.au/years/2020
STK,1,Jack,Higgins,VIC,https://www.draftguru.com.au/years/2017
STK,38,Hugh,Boxshall,WA,https://www.draftguru.com.au/years/2024
STK,45,Liam,OConnell,INT,https://www.draftguru.com.au/years/2023
STK,47,Anthony,Caminiti,VIC,https://www.draftguru.com.au/years/2022
STK,31,Liam,Ryan,WA,https://www.draftguru.com.au/years/2017
STK,39,Campbell,Lake,QLD,https://www.draftguru.com.au/years/2025
STK,11,Hunter,Clark,VIC,https://www.draftguru.com.au/years/2017
STK,16,Dan,Butler,VIC,https://www.draftguru.com.au/years/2014
STK,5,Tobie,Travaglia,VIC,https://www.draftguru.com.au/years/2024
STK,23,Liam,Henry,WA,https://www.draftguru.com.au/years/2019
STK,24,Angus,Hastie,VIC,https://www.draftguru.com.au/years/2023
STK,20,Dougal,Howard,NSW,https://www.draftguru.com.au/years/2014
STK,26,Alix,Tauru,VIC,https://www.draftguru.com.au/years/2024
STK,36,Charlie,Banfield,WA,https://www.draftguru.com.au/years/2025
STK,17,Isaac,Keeler,SA,https://www.draftguru.com.au/years/2022
STK,12,Max,King,NSW,https://www.draftguru.com.au/years/2025
SYD,22,Nick,Blakey,NSW,https://www.draftguru.com.au/years/2018
SYD,5,Isaac,Heeney,NSW,https://www.draftguru.com.au/years/2014
SYD,14,Callum,Mills,NSW,https://www.draftguru.com.au/years/2015
SYD,1,Chad,Warner,WA,https://www.draftguru.com.au/years/2019
SYD,4,Brodie,Grundy,SA,https://www.draftguru.com.au/years/2012
SYD,44,Jake,Lloyd,VIC,https://www.draftguru.com.au/years/2012
SYD,13,Jai,Serong,VIC,https://www.draftguru.com.au/years/2021
SYD,21,Errol,Gulden,NSW,https://www.draftguru.com.au/years/2020
SYD,26,Riley,Bice,NSW,https://www.draftguru.com.au/years/2024
SYD,30,Tom,McCartin,VIC,https://www.draftguru.com.au/years/2017
SYD,12,Angus,Sheldrick,WA,https://www.draftguru.com.au/years/2021
SYD,34,Matt,Roberts,SA,https://www.draftguru.com.au/years/2021
SYD,8,James,Rowbottom,VIC,https://www.draftguru.com.au/years/2018
SYD,17,James,Jordon,VIC,https://www.draftguru.com.au/years/2018
SYD,15,Sam,Wicks,NSW,https://www.draftguru.com.au/years/2018
SYD,27,Justin,McInerney,VIC,https://www.draftguru.com.au/years/2018
SYD,11,Tom,Papley,VIC,https://www.draftguru.com.au/years/2015
SYD,35,Charlie,Curnow,VIC,https://www.draftguru.com.au/years/2015
SYD,6,Logan,McDonald,WA,https://www.draftguru.com.au/years/2020
SYD,24,Dane,Rampe,NSW,https://www.draftguru.com.au/years/2012
SYD,7,Harry,Cunningham,NSW,https://www.draftguru.com.au/years/2011
SYD,28,Will,Edwards,NSW,https://www.draftguru.com.au/years/2022
SYD,33,Caiden,Cleary,NSW,https://www.draftguru.com.au/years/2023
SYD,10,Malcolm,Rosas,,https://www.draftguru.com.au/years/2019
SYD,32,Harry,Kyle,NSW,https://www.draftguru.com.au/years/2025
SYD,16,Braeden,Campbell,NSW,https://www.draftguru.com.au/years/2020
SYD,36,Joel,Amartey,VIC,https://www.draftguru.com.au/years/2017
SYD,43,Lewis,Melican,VIC,https://www.draftguru.com.au/years/2014
SYD,25,Billy,Cootee,SA,https://www.draftguru.com.au/years/2025
SYD,2,Hayden,McLean,VIC,https://www.draftguru.com.au/years/2018
SYD,29,Joel,Hamling,WA,https://www.draftguru.com.au/years/2011
SYD,40,Tom,Hanily,VIC,https://www.draftguru.com.au/years/2023
SYD,9,Jesse,Dattoli,VIC,https://www.draftguru.com.au/years/2024
SYD,37,Corey,Warner,WA,https://www.draftguru.com.au/years/2021
SYD,19,Peter,Ladhams,SA,https://www.draftguru.com.au/years/2016
SYD,36,Will,Green,VIC,https://www.draftguru.com.au/years/2023
WCE,9,Harley,Reid,VIC,https://www.draftguru.com.au/years/2023
WCE,11,Tim,Kelly,WA,https://www.draftguru.com.au/years/2017
WCE,18,Tom,McCarthy,,https://www.draftguru.com.au/years/2024
WCE,14,Liam,Duggan,VIC,https://www.draftguru.com.au/years/2014
WCE,1,Willem,Duursma,VIC,https://www.draftguru.com.au/years/2025
WCE,6,Elliot,Yeo,WA,https://www.draftguru.com.au/years/2011
WCE,3,Liam,Baker,WA,https://www.draftguru.com.au/years/2017
WCE,47,Milan,Murdock,WA,https://www.draftguru.com.au/years/2025
WCE,20,Tylar,Young,NSW,https://www.draftguru.com.au/years/2022
WCE,19,Brady,Hough,WA,https://www.draftguru.com.au/years/2021
WCE,38,Hamish,Davis,WA,https://www.draftguru.com.au/years/2024
WCE,2,Jake,Waterman,WA,https://www.draftguru.com.au/years/2016
WCE,5,Josh,Lindsay,VIC,https://www.draftguru.com.au/years/2025
WCE,32,Bailey,Williams,VIC,https://www.draftguru.com.au/years/2018
WCE,26,Bo,Allan,WA,https://www.draftguru.com.au/years/2024
WCE,17,Jack,Graham,SA,https://www.draftguru.com.au/years/2016
WCE,51,Marcus,Herbert,,https://www.draftguru.com.au/years/2025
WCE,23,Ryan,Maric,VIC,https://www.draftguru.com.au/years/2022
WCE,28,Tom,Cole,VIC,https://www.draftguru.com.au/years/2015
WCE,35,Jobe,Shanahan,VIC,https://www.draftguru.com.au/years/2024
WCE,7,Reuben,Ginbey,WA,https://www.draftguru.com.au/years/2022
WCE,33,Rhett,Bazzo,WA,https://www.draftguru.com.au/years/2021
WCE,21,Cooper,Duff-Tytler,VIC,https://www.draftguru.com.au/years/2025
WCE,4,Brandon,Starcevich,WA,https://www.draftguru.com.au/years/2017
WCE,34,Jack,Williams,WA,https://www.draftguru.com.au/years/2021
WCE,40,Deven,Robertson,WA,https://www.draftguru.com.au/years/2019
WCE,50,Oliver,Francou,SA,https://www.draftguru.com.au/years/2025
WCE,8,Elijah,Hewett,WA,https://www.draftguru.com.au/years/2022
WCE,24,Harvey,Johnston,VIC,https://www.draftguru.com.au/years/2023
WCE,48,Harry,Schoenberg,SA,https://www.draftguru.com.au/years/2019
WCE,37,Malakai,Champion,WA,https://www.draftguru.com.au/years/2024
WCE,41,Sandy,Brock,NT,https://www.draftguru.com.au/years/2021
WCE,15,Jamie,Cripps,WA,https://www.draftguru.com.au/years/2010
WCE,44,Jack,Hutchinson,,https://www.draftguru.com.au/years/2023
WCE,27,Tom,Gross,VIC,https://www.draftguru.com.au/years/2024
WCE,25,Matt,Flynn,,
WCE,22,Archer,Reid,VIC,https://www.draftguru.com.au/years/2023
WCE,16,Matthew,Owies,,
WCE,46,Jacob,Newton,SA,https://www.draftguru.com.au/years/2024
WCE,42,Harry,Edwards,WA,https://www.draftguru.com.au/years/2018
WBD,4,Marcus,Bontempelli,VIC,https://www.draftguru.com.au/years/2013
WBD,20,Ed,Richards,VIC,https://www.draftguru.com.au/years/2017
WBD,8,Matthew,Kennedy,NSW,https://www.draftguru.com.au/years/2015
WBD,31,Bailey,Dale,VIC,https://www.draftguru.com.au/years/2014
WBD,9,Ryley,Sanders,TAS,https://www.draftguru.com.au/years/2023
WBD,27,Joel,Freijah,VIC,https://www.draftguru.com.au/years/2023
WBD,29,Lachlan,Bramble,,
WBD,34,Bailey,Williams,VIC,https://www.draftguru.com.au/years/2018
WBD,14,Rhylee,West,VIC,https://www.draftguru.com.au/years/2018
WBD,6,Cooper,Hynes,VIC,https://www.draftguru.com.au/years/2024
WBD,37,Michael,Sellwood,WA,https://www.draftguru.com.au/years/2024
WBD,24,Buku,Khamis,VIC,https://www.draftguru.com.au/years/2018
WBD,33,Aaron,Naughton,WA,https://www.draftguru.com.au/years/2017
WBD,19,Connor,Budarick,QLD,https://www.draftguru.com.au/years/2019
WBD,21,Tom,Liberatore,VIC,https://www.draftguru.com.au/years/2010
WBD,44,Tim,English,WA,https://www.draftguru.com.au/years/2016
WBD,7,Rory,Lobb,WA,https://www.draftguru.com.au/years/2013
WBD,32,Arthur,Jones,WA,https://www.draftguru.com.au/years/2021
WBD,42,Sam,Davidson,,https://www.draftguru.com.au/years/2024
WBD,18,James,ODonnell,,https://www.draftguru.com.au/years/2022
WBD,17,Nick,Coffield,VIC,https://www.draftguru.com.au/years/2017
WBD,11,Lachie,Jaques,VIC,https://www.draftguru.com.au/years/2024
WBD,26,Josh,Dolan,VIC,https://www.draftguru.com.au/years/2024
WBD,16,Jordan,Croft,VIC,https://www.draftguru.com.au/years/2023
WBD,3,Cody,Weightman,VIC,https://www.draftguru.com.au/years/2019
WBD,5,Jedd,Busslinger,WA,https://www.draftguru.com.au/years/2022
WBD,13,Oskar,Baker,QLD,https://www.draftguru.com.au/years/2017
WBD,28,Will,Lewis,,https://www.draftguru.com.au/years/2025
WBD,30,Lachlan,McNeil,SA,https://www.draftguru.com.au/years/2020
WBD,35,Luke,Kennedy,VIC,https://www.draftguru.com.au/years/2024
WBD,1,Adam,Treloar,VIC,https://www.draftguru.com.au/years/2010
WBD,10,Sam,Darcy,VIC,https://www.draftguru.com.au/years/2021
WBD,25,Louis,Emmett,VIC,https://www.draftguru.com.au/years/2025
WBD,12,Harvey,Gallagher,VIC,https://www.draftguru.com.au/years/2022
WBD,23,Laitham,Vandermeer,VIC,https://www.draftguru.com.au/years/2018
WBD,43,Ryan,Gardner,TAS,https://www.draftguru.com.au/years/2015
WBD,40,Lachlan,Smith,VIC,https://www.draftguru.com.au/years/2023
WBD,36,Luke,Cleary,VIC,https://www.draftguru.com.au/years/2021
WBD,2,Lachlan,Carmichael,NSW,https://www.draftguru.com.au/years/2025
